word,count
pandemic,1101
covid,228
people,168
branch,111
us,101
like,92
get,90
jan,90
time,77
increased,73
many,73
even,72
several,72
including,71
health,70
one,70
percent,70
digital,70
closings,68
retail,68
bank,68
ct,67
drives,67
years,65
year,64
think,64
still,63
would,61
since,60
hit,59
new,58
end,55
government,51
record,49
want,47
go,47
care,46
closures,46
two,46
need,46
much,45
connecticut,44
last,44
virus,43
work,43
world,43
also,43
dont,41
im,40
good,39
global,39
know,38
going,38
back,37
never,37
due,35
see,35
vaccine,34
take,34
children,34
started,32
way,32
say,31
vaccinated,30
especially,30
right,30
said,30
life,29
really,29
first,29
well,28
could,28
omicron,28
long,28
may,28
workers,28
every,28
i'm,27
give,27
day,27
can't,26
big,26
country,26
got,26
party,26
made,26
state,26
joe,25
banking,25
lot,25
help,25
masks,25
beginning,25
mask,25
keep,25
point,25
economy,24
report,24
vaccines,24
make,24
ever,24
start,24
thing,23
thread,23
super,23
sure,23
already,23
used,22
hard,22
bankingus,22
home,22
money,22
feel,22
friends,22
shutteredus,22
shutteredbank,22
great,22
nothing,22
bankingpatchcompatchcombank,22
middle,21
family,21
done,21
put,21
real,21
without,20
better,20
early,20
response,20
another,20
news,20
school,20
best,20
protest,20
biden,20
bowl,20
wont,20
working,20
public,20
economic,19
continue,19
others,19
around,19
lost,19
businesses,19
spotify,19
part,19
anything,19
support,19
data,19
everyone,18
must,18
schools,18
travel,18
times,18
death,18
hope,18
business,18
whole,18
media,18
use,18
happened,17
stop,17
across,17
please,17
actually,17
yet,17
try,17
industry,17
understand,17
county,17
months,17
love,17
kids,17
online,17
control,17
making,17
nurses,17
might,17
thought,17
lies,17
given,16
mass,16
jobs,16
things,16
demand,16
restrictions,16
someone,16
coronavirus,16
we're,16
trying,16
always,16
cant,16
show,16
believe,16
financial,16
pay,16
says,16
enough,16
healthcare,16
past,16
anyone,16
ago,15
flu,15
cause,15
rogan,15
next,15
mental,15
open,15
away,15
changed,15
bad,15
getting,15
let,15
misinformation,15
taking,15
cook,15
disease,15
inflation,15
dying,15
crisis,15
scientists,15
cases,15
pm,15
power,15
amid,15
church,14
return,14
means,14
ive,14
wrong,14
able,14
though,14
staff,14
ones,14
everything,14
didnt,14
seen,14
rules,14
maybe,14
deaths,14
budget,14
isnt,14
gov,14
de,14
likely,14
ottawa,14
far,14
talk,14
brought,14
reason,13
risk,13
sick,13
mandates,13
members,13
look,13
published,13
supply,13
something,13
stay,13
team,13
social,13
mean,13
tips,13
read,13
soon,13
called,13
election,13
hate,13
review,13
medical,13
that's,13
olympics,13
questions,13
he's,13
find,12
went,12
trump,12
pandemics,12
coming,12
face,12
win,12
question,12
different,12
million,12
child,12
canada,12
break,12
food,12
almost,12
place,12
china,12
test,12
states,12
week,12
parents,12
students,12
thats,12
impact,12
person,12
video,12
nhs,12
lives,12
live,12
possible,12
parliament,11
decade,11
throughout,11
thanks,11
millions,11
la,11
lockdown,11
pandemicquote,11
theres,11
come,11
full,11
fight,11
evidence,11
tantrum,11
fun,11
national,11
games,11
doctors,11
nurse,11
told,11
policy,11
absolutely,11
services,11
died,11
become,11
heard,11
holding,11
system,11
game,11
http,11
free,11
among,11
australia,11
failed,11
havent,11
unemployment,11
measures,11
reality,10
despite,10
paper,10
political,10
asking,10
number,10
reach,10
general,10
narrative,10
street,10
weeks,10
black,10
important,10
days,10
severe,10
minister,10
teachers,10
music,10
lead,10
bsn,10
chump,10
delivery,10
comes,10
wear,10
office,10
gets,10
chiefs,10
killed,10
police,10
lol,10
science,10
job,10
broken,10
union,10
worse,10
least,10
saying,10
transmission,10
role,10
oh,10
temper,10
entire,10
avoid,10
shit,10
tell,10
freedom,10
taken,10
move,10
fauci,10
disguised,10
attack,10
inslee,10
saw,10
truckers,10
needed,10
advisor,10
doesnt,10
nobody,10
natural,10
i've,10
bought,9
nice,9
homeowners,9
house,9
event,9
either,9
kaegi,9
blame,9
asked,9
longer,9
listen,9
pandemic-related,9
fritz,9
research,9
came,9
quite,9
set,9
folks,9
serious,9
policies,9
white,9
helped,9
rest,9
received,9
shows,9
three,9
community,9
knew,9
deep,9
tested,9
president,9
gone,9
terrible,9
toll,9
fucking,9
using,9
telling,9
pretty,9
worked,9
high,9
yes,9
ongoing,9
burrow,9
raised,9
local,9
dollars,9
young,9
resulted,9
putting,9
friend,9
tried,9
worst,9
thank,9
formula,9
bengals,9
glad,9
assessor,9
population,9
fourth,9
later,9
false,9
returning,9
forget,9
outside,9
sorry,9
true,9
known,8
key,8
cost,8
bc,8
low,8
today,8
deadly,8
unvaccinated,8
scientific,8
leaders,8
nearly,8
hospitals,8
winning,8
information,8
easy,8
protection,8
ppl,8
reports,8
remember,8
numbers,8
hospital,8
second,8
post,8
abuse,8
present,8
ending,8
diseases,8
playing,8
apart,8
sars-cov,8
violence,8
positive,8
tweet,8
gonna,8
straight,8
americans,8
current,8
fuck,8
costs,8
huge,8
knows,8
cap,8
less,8
issues,8
football,8
safe,8
gave,8
pressure,8
rates,8
problem,8
seems,8
safety,8
ends,8
essential,8
writes,8
federal,8
dr,8
prevent,8
u,8
fire,8
daily,8
pass,8
finally,8
higher,8
fully,8
little,8
patient,8
took,8
turning,8
decision,8
word,8
save,7
needs,7
youre,7
there's,7
churches,7
india,7
management,7
etc,7
cdc,7
line,7
program,7
instead,7
continues,7
leave,7
ppe,7
lying,7
plus,7
normal,7
learned,7
quote,7
wave,7
border,7
co,7
cancer,7
canadians,7
ivermectin,7
truth,7
college,7
closed,7
caused,7
bit,7
worth,7
thinks,7
month,7
martin,7
patients,7
significant,7
shut,7
company,7
hear,7
miss,7
ask,7
drug,7
keeping,7
vaccination,7
th,7
dangerous,7
loved,7
lack,7
america,7
tweetthe,7
massive,7
et,7
looks,7
relatively,7
write,7
vaxxed,7
reduce,7
previous,7
antiviral,7
winter,7
official,7
alone,7
affected,7
close,7
kind,7
near,7
change,7
realize,7
emergency,7
article,7
agree,7
thousands,7
approval,7
hes,7
season,7
else,7
plans,7
vaccinations,7
starting,7
approach,7
act,7
age,7
killing,7
ceo,7
stuff,7
found,7
chain,7
ahead,7
small,7
congress,7
ill,7
bjp,6
figure,6
hours,6
episodes,6
latest,6
wrongest,6
thinking,6
core,6
classes,6
spend,6
living,6
ivm,6
effective,6
clear,6
posed,6
spreading,6
offering,6
records,6
field,6
hill,6
gather,6
recovered,6
tough,6
cover,6
prices,6
result,6
clearly,6
makes,6
guys,6
sunday,6
rare,6
canadian,6
stopped,6
hopeful,6
version,6
seem,6
watching,6
waiting,6
vax,6
suggest,6
women,6
researchers,6
die,6
leading,6
play,6
fear,6
indian,6
origin,6
goes,6
endemic,6
rising,6
pfizer,6
side,6
watch,6
old,6
n,6
billions,6
calling,6
attend,6
mortality,6
expect,6
governments,6
exactly,6
air,6
status,6
service,6
talking,6
giving,6
handled,6
sports,6
feb,6
birthday,6
older,6
sad,6
h,6
portugal,6
relief,6
infection,6
shortage,6
treatment,6
cold,6
variant,6
counter,6
childcare,6
paul,6
choice,6
england,6
issue,6
pcr,6
spread,6
jumped,6
numerous,6
rapid,6
decisions,6
we've,6
parts,6
consider,6
wearing,6
war,6
they're,6
gotten,6
created,6
truly,6
op-ed,6
immediately,6
challenges,6
third,6
american,6
trading,6
administration,6
future,6
situation,6
infected,6
literally,6
name,6
dealing,6
forced,6
anxiety,6
alive,6
price,6
calculationexperts,6
shown,6
towards,6
equity,6
yall,6
assessor's,6
poor,6
promise,6
disabled,6
deserve,6
panic,6
protocols,6
let's,6
onset,6
ass,6
weekend,6
reasons,6
voters,6
morning,6
hawn,5
welch-d,5
order,5
rnorneryscientist,5
buying,5
hold,5
vt,5
peter,5
happen,5
facing,5
executive,5
girl,5
speaks,5
matter,5
excited,5
yeah,5
leader,5
relevant,5
march,5
idea,5
speak,5
wake,5
apparently,5
officers,5
force,5
decline,5
activity,5
struggle,5
happens,5
nap,5
vote,5
turned,5
rnprecordial,5
worldwide,5
pills,5
large,5
grateful,5
fact,5
regarding,5
whether,5
average,5
forgotten,5
p,5
frightening,5
premier,5
per,5
okay,5
incidence,5
difference,5
campus,5
lived,5
list,5
immunity,5
acting,5
via,5
surprised,5
wealth,5
proposed,5
james,5
therapy,5
c,5
oral,5
stage,5
greater,5
voicing,5
md,5
provides,5
florida,5
efforts,5
morgan,5
fighting,5
griffith-r,5
virginia,5
youtube,5
everybody,5
mind,5
wish,5
turn,5
stress,5
following,5
emanuel,5
convoy,5
errors,5
zeke,5
rallied,5
agenda,5
north,5
doctor,5
i'd,5
simply,5
wins,5
favorite,5
planning,5
fake,5
left,5
leaving,5
testing,5
debt,5
causing,5
wonder,5
looking,5
countries,5
facts,5
supported,5
rather,5
k,5
introduced,5
fastest,5
case,5
prisoners,5
level,5
heart,5
imagine,5
masking,5
losing,5
reported,5
god,5
began,5
spanish,5
caught,5
fan,5
handling,5
showing,5
spiritual,5
environment,5
moving,5
deal,5
focus,5
joerogan,5
plan,5
pandemicthe,5
extra,5
ers,5
hidden,5
wtf,5
investigation,5
changes,5
spending,5
experts,5
wing,5
rate,5
charged,5
podcast,5
concern,5
played,5
booster,5
here's,5
answer,5
stock,5
awful,5
course,5
york,5
london,5
corona,5
extreme,5
trend,5
energy,5
beijing,5
results,5
residents,5
king,5
protesters,5
recently,5
disaster,5
area,5
mexican,5
count,5
sufficient,5
wide,5
tweetprecordial,5
create,5
crap,5
class,5
problems,5
expressed,5
occurred,5
wants,5
probably,5
united,5
added,5
exist,5
othersi,5
infectious,5
suicide,5
illness,5
piece,4
shot,4
amazing,4
banned,4
wanna,4
trust,4
night,4
chance,4
agreed,4
rideau,4
respect,4
opinion,4
sj,4
'in,4
cf,4
slow,4
visit,4
reaching,4
hardly,4
consequences,4
gord,4
optimism,4
pre-pandemic,4
relationship,4
guilty,4
state's,4
lie,4
offers,4
politics,4
works,4
munroe,4
together,4
jay,4
washington,4
special,4
reuters,4
drawn,4
success,4
centre,4
cycling,4
shortages,4
smart,4
lib,4
doubt,4
recession,4
responsible,4
powers,4
study,4
prevention,4
threat,4
systematic,4
neil,4
quarantine,4
explain,4
practice,4
medicines,4
aged,4
climate,4
include,4
met,4
substance,4
visits,4
damn,4
democracy,4
watched,4
dose,4
charts,4
fine,4
respiratory,4
werent,4
mom,4
personally,4
none,4
boom,4
cruel,4
single,4
context,4
claims,4
debate,4
liberal,4
showed,4
hoping,4
guidance,4
justin,4
vs,4
modi-led,4
narendra,4
delhi,4
conditions,4
stand,4
based,4
traffic,4
theyre,4
prime,4
wouldnt,4
fans,4
drag,4
prepare,4
majority,4
harms,4
lockdowns,4
conservatives,4
heg,4
tomorrow,4
unfortunately,4
allow,4
figures,4
however,4
ridiculous,4
significantly,4
aid,4
tax,4
payment,4
tyranny,4
despairthe,4
check,4
hitting,4
hopeless,4
virtual,4
clinical,4
bloc,4
reading,4
postcards,4
busy,4
release,4
cash,4
bring,4
helping,4
ya,4
guess,4
lmao,4
workforce,4
gap,4
antiparasitic,4
plague,4
levels,4
became,4
remote,4
selfish,4
increase,4
anti-inflammatory,4
answers,4
properties,4
popular,4
pre,4
ndp,4
require,4
trudeau,4
investors,4
shadow,4
places,4
ok,4
ease,4
spent,4
championship,4
difficult,4
call,4
transfer,4
couldnt,4
peace,4
officially,4
threw,4
wanted,4
terrified,4
albo,4
teach,4
companies,4
happy,4
former,4
included,4
usa,4
sign,4
tennessee,4
resources,4
entirely,4
boris,4
receive,4
nightmare,4
proof,4
aspects,4
billion,4
ccp,4
feels,4
chose,4
eat,4
choosing,4
advisory,4
source,4
board,4
streaming,4
artists,4
johnson,4
post-pandemic,4
labor,4
anti,4
promoted,4
funding,4
buy,4
episode,4
bunch,4
behind,4
hand,4
continued,4
tired,4
les,4
capteurs,4
modern,4
drugs,4
red,4
tons,4
addiction',4
absolute,4
apparent,4
attribute,4
rose,4
content,4
shallower,4
option,4
turns,4
que,4
series,4
thoughts,4
universal,4
requirements,4
discussion,4
codes,4
republicans,4
established,4
contract,4
novavax,4
becoming,4
add,4
dealt,4
yesterday,4
access,4
othersthe,4
globally,4
worry,4
according,4
strong,4
man,4
guy,4
head,4
grocery,4
sort,4
resilience,4
tea,4
winner,4
history,4
alliance,4
senate,4
room,4
gatherings,4
supposed,4
contrary,4
uk,4
idiots,4
globe,4
assurances,4
definition,4
participants,4
fascism,4
kau,4
mandatory,4
takes,4
ways,4
healthy,4
late,4
wesley,4
bn,4
total,4
id,4
cannot,4
info,4
hurting,4
math,4
soft,4
caring,4
recent,4
midst,4
families,4
send,4
fatal,4
related,4
driven,4
coffee,4
christian,4
shots,4
stick,4
susan,4
type,4
celebrate,4
trends,4
lets,4
pro,4
otherwise,4
literature,4
strikes,4
existential,4
delta,4
beyond,4
platform,4
causative,4
spirituality,4
moderate,4
pray,4
discussing,4
top,4
story,4
recovery,4
obvious,4
growth,4
allowed,4
specific,4
four,4
cut,4
suffer,4
lucky,4
autograph,4
analysis,4
cbc,4
unless,4
follow,4
wage,4
whatever,4
personal,4
experiment,4
isolation,4
immigration,4
happening,3
moved,3
suck,3
elderly,3
hopefully,3
center-left,3
feasible,3
anywhere,3
peloton,3
earth,3
address,3
escalation,3
indeed,3
tiny,3
ie,3
theory,3
wow,3
strict,3
sending,3
portugals,3
definitely,3
suffering,3
immune,3
south,3
nole,3
drop,3
liberals,3
legit,3
staying,3
lesson,3
industrial,3
husic,3
margins,3
spike,3
frequent,3
exception,3
bear,3
irrelevant,3
variants,3
mountain,3
totally,3
creating,3
australia-made,3
dumbest,3
experiencing,3
unused,3
lifestyle,3
sharon,3
prepares,3
pls,3
deploy,3
ed,3
tweetdr,3
detailed,3
crazy,3
spotlights,3
owners,3
kill,3
opposed,3
reassuring,3
shame,3
socialist,3
regards,3
wasnt,3
meaning,3
action,3
budak,3
ideology,3
myocarditis,3
friday,3
euros,3
valley,3
actual,3
transcend,3
mismanaged,3
privilege,3
provincial,3
inexperts,3
fair,3
critical,3
protect,3
freight,3
slows,3
crunched,3
boosted,3
underway,3
mitigations,3
employers,3
jesus,3
non-covid,3
praying,3
period,3
indoors,3
despair,3
insider,3
high-profile,3
solutions,3
abused,3
pandemic-induced,3
russia,3
sante,3
babies,3
undereducated,3
complaining,3
credit,3
points,3
linking,3
stressors,3
eyes,3
available,3
nov,3
rise,3
recovering,3
alarming,3
interesting,3
seeing,3
felt,3
unsafe,3
listened,3
hell,3
alarm,3
endure,3
cycle,3
sa,3
scale,3
mandate,3
raise,3
safely,3
org,3
decrease,3
leadership,3
australian,3
store,3
manage,3
perlu,3
specifically,3
finished,3
polio,3
pocket,3
revealed,3
bs,3
missing,3
suffered,3
biden's,3
historically,3
founders,3
queens,3
comfort,3
minted,3
ptp,3
httpvoterizerquote,3
tweetfield,3
fieldteam,3
wild,3
download,3
zoonotic,3
explanation,3
crime,3
recommendations,3
misleading,3
newly,3
queen,3
languishing,3
route,3
bigandmilky,3
joeyjayisgay,3
pandemictheonlydetox,3
peek,3
sneak,3
sir,3
useful,3
nyc,3
sitting,3
impacts,3
individual,3
accuse,3
strategies,3
avoiding,3
unrivaled,3
kingdom's,3
sprawling,3
argument,3
dancesports,3
champions,3
earn,3
range,3
produce,3
wilbert,3
aunzo,3
pearl,3
marie,3
caeda,3
taxes,3
woke,3
lower,3
organizations,3
woman,3
space,3
rat,3
rn,3
accelerated,3
perfect,3
card,3
distancing,3
blah,3
negative,3
pair,3
planned,3
therapist,3
funeral,3
consistently,3
overseas,3
chief,3
ravaged,3
excuse,3
tv,3
superiority,3
fall,3
voices,3
options,3
players,3
ended,3
goods,3
hey,3
phenomenon,3
treat,3
crashed,3
agency,3
plenty,3
effect,3
programs,3
nation,3
broke,3
anyway,3
gdp,3
corrupt,3
fund,3
v,3
lungs,3
analysts,3
shattering,3
seeks,3
horrible,3
technical,3
listeners,3
strategy,3
dec,3
pushed,3
city,3
seriously,3
english,3
group,3
x,3
opioid,3
migrants,3
prison,3
policing,3
curse,3
sars,3
opportunities,3
window,3
baby,3
particularly,3
notice,3
mentions,3
foreign,3
voice,3
challenging,3
held,3
protests,3
investments,3
locked,3
confusing,3
continuing,3
internet,3
john,3
certain,3
humans,3
proves,3
faucis,3
annoying,3
breaking,3
stated,3
decades,3
niaid,3
fired,3
lnp,3
earned,3
physical,3
loss,3
potus,3
considering,3
discrimination,3
husband,3
meant,3
neither,3
vision,3
prisons,3
whos,3
founder,3
hot,3
chicago,3
rich,3
thatquote,3
nsw,3
ontario,3
mention,3
steps,3
heavy,3
somehow,3
hockey,3
movement,3
postponed,3
annual,3
tsu,3
proportion,3
prolonging,3
mexico,3
actions,3
advantage,3
israel,3
interest,3
sold,3
hour,3
provide,3
hug,3
sooner,3
lovely,3
views,3
rid,3
meet,3
lots,3
pregnant,3
snow,3
gross,3
shutdown,3
dental,3
education,3
trumps,3
bill,3
brother,3
arc,3
half,3
reveals,3
dropping,3
tokyo,3
stricter,3
contagious,3
rats,3
till,3
afford,3
stimulus,3
obviously,3
ni,3
condition,3
book,3
nonsense,3
hotels,3
w,3
waves,3
director,3
kid,3
stories,3
august,3
senior,3
denmark,3
mother,3
irl,3
treated,3
hair,3
ratings,3
weather,3
self,3
pens,3
cnn,3
requirement,3
'trauma',3
bills,3
disturbing,3
extremely,3
manufacture,3
aware,3
hasnt,3
weekdays,3
wages,3
washing,3
libertarian,3
hands,3
advice,3
along,3
twitter,3
criminal,3
controlling,3
hello,3
sea,3
managed,3
canadas,3
drills,3
exposed,3
applies,3
cards,3
hr,3
touch,3
legacy,3
quickly,3
owner,3
properly,3
standard,3
movies,3
faire,3
feeling,3
homes,3
negligence,3
en,3
quality,3
sickquote,3
conversations,3
underlying,3
insurance,3
incredibly,3
towns,3
miller,3
sustains,3
inch,3
production,3
five,3
blanket,3
whats,3
kindergarten,3
protecting,3
calls,3
limit,3
regard,3
wrote,3
realized,3
stuck,3
lab,3
highest,3
expecting,3
pandemicthis,3
obesity,3
events,3
wabash,3
declare,3
hiding,3
newspapers,3
necessary,3
catching,3
effects,3
restaurant,2
agents,2
occasions,2
bottom,2
forever,2
learning,2
leak,2
godsmack,2
theyll,2
prouder,2
netflix,2
fauchi,2
sky,2
rights,2
swine,2
fam,2
behavior,2
systems,2
signed,2
thebritafilter,2
shaping,2
roles,2
silver,2
wash,2
eg,2
ebola,2
liars,2
osterholm,2
dean,2
poverty,2
gif,2
species,2
bag,2
november,2
tik,2
crying,2
at-home,2
assignment,2
blm,2
region,2
australias,2
falling,2
suits,2
corporate,2
heres,2
indirect,2
nd,2
sell,2
drinking,2
othersyou,2
pandemic's,2
shop,2
sportszoomersports,2
studies,2
prominent,2
hometown,2
earth's,2
writer,2
stands,2
teamquote,2
tweetzoomer,2
tweetpresident,2
holidays,2
bidenpresident,2
sportszoomer,2
lined,2
smokers,2
bidenpotusunited,2
main,2
biester,2
gymnasium,2
hiatus,2
increasingly,2
hoopsgbwesthoopsgbwest,2
button,2
ideas,2
playershow,2
conspiracy,2
growing,2
zero,2
sibling,2
kenziesnowscottishand,2
billionaires,2
activities,2
ind,2
wtwowawv,2
e,2
sequel,2
dredd,2
mostly,2
marvel,2
shitting,2
scottadamssaysanother,2
deeper,2
preparing,2
hc,2
seemed,2
selling,2
prone,2
screwed,2
crushed,2
murky,2
april,2
clinic,2
puddles,2
anymore-shit,2
ableism,2
circumstances,2
lethal,2
pandemic-delayed,2
penguin,2
baker,2
chandler,2
readalongwithjess,2
alboforpm,2
drove,2
sometimes,2
beijing's,2
minnesota's,2
olympians,2
summer,2
fraud,2
terms,2
aside,2
assume,2
whim,2
completely,2
panicked,2
wealthiest,2
prefer,2
waking,2
spaces,2
scouts,2
door,2
copy,2
wait,2
nashville,2
freeman,2
emmanuel,2
libraries,2
regime,2
car,2
closure,2
accordingly,2
implement,2
cow,2
expected,2
usually,2
minutes,2
sb,2
lock,2
icu,2
japans,2
occurrence,2
deeply,2
thriving,2
enthusiasm,2
achieved,2
accident,2
tn,2
university,2
borders,2
infrastructure,2
toss,2
hangers,2
personalized,2
qr,2
alien,2
undermine,2
opiate,2
ordering,2
deliveryqr,2
squib,2
governm,2
nature,2
wealthy,2
sticking,2
t-cell,2
laughed,2
tweeted,2
audience,2
it'd,2
notes,2
easily,2
surface,2
teen,2
contemporary,2
requests,2
inquirer,2
removed,2
ross,2
robertson,2
fresh,2
medco,2
unispace,2
claim,2
example,2
trucker,2
curb,2
design,2
institutions,2
degree,2
forgery,2
amityville,2
pediatric,2
urraro,2
marissa,2
devuono,2
forging,2
officials,2
orders,2
dancesport,2
organization,2
spain,2
civil,2
croos,2
assuming,2
rent,2
fitness,2
complete,2
potential,2
ca,2
unable,2
ruined,2
limited,2
tivanka,2
moraes,2
prove,2
attending,2
antonio,2
default,2
mode,2
grownups,2
scaremongering,2
worthy,2
inspiration,2
haul,2
investigations,2
tilt,2
cyberattacks,2
romance,2
refuse,2
method,2
crisp,2
influencing,2
policymakers,2
surge,2
link,2
tiger,2
prevents,2
dictionary,2
donors,2
tory,2
ready,2
mishandling,2
matters,2
accurate,2
doubled,2
incompetence,2
victory,2
followed,2
aggressive,2
implemented,2
body,2
dude,2
dems,2
unfortunate,2
waste,2
vox,2
software,2
diabetes,2
monicagandhiare,2
providing,2
entrepreneurapplications,2
bitch,2
security,2
fools,2
authoritarian,2
vaccineswork,2
ceos,2
measuring,2
target,2
supporting,2
greed,2
function,2
districts,2
negatively,2
shitty,2
honestly,2
quotes,2
task,2
dating,2
congrats,2
solid,2
taught,2
embarrassing,2
fill,2
understands,2
cancelled,2
citizens,2
nz,2
scottmorrisonmp,2
phone,2
bergman,2
effort,2
schachtel,2
ww,2
exercise,2
wef,2
driving,2
joke,2
cyber,2
mush,2
launch,2
sinister,2
term,2
jab,2
othersthere,2
lied,2
censoring,2
partied,2
sydney,2
obscure,2
differences,2
gop,2
disappointed,2
process,2
teams,2
qubec,2
socialization,2
decide,2
mutual,2
privacy,2
sense,2
needlessly,2
crippling,2
gives,2
pulte,2
currently,2
host,2
max,2
invested,2
tech,2
sweden,2
unprepared,2
genetic,2
foreigners,2
foreseeable,2
protestor,2
mid,2
lax,2
rallies,2
equally,2
galore,2
nauseating,2
sides,2
victoriamvrielol,2
binge,2
session,2
cookie,2
gloomy,2
protocol,2
votes,2
preparedness,2
shocked,2
pandemicgif,2
van,2
aids,2
ties,2
acted,2
unknown,2
djrazmusicyeup,2
forward,2
relating,2
olympicprotests,2
containment,2
training,2
sisters,2
sober,2
weektony,2
chinatony,2
chinapostcards,2
diplomaticboycottssightmagazinecomausightmagazinecomaupostcards,2
pengshuai,2
uyghurs,2
xinjiang,2
february,2
beijingolympics,2
sightmagazine,2
brothers,2
demonize,2
non-pharmaceutical,2
intestinal,2
incoherent,2
truckersforfreedom,2
liked,2
overwhelmed,2
totals,2
october,2
consumer,2
brainwashed,2
outstanding,2
itshauteoutsideaahhhh,2
chinas,2
surges,2
swept,2
zero-covid,2
dipshit,2
cryptowhaledigiwhalesandandrarecandyioyou,2
dubai,2
bsv,2
sponsoring,2
gmillertsn,2
gordthe,2
reporting,2
tweetgord,2
fbpa,2
fbpe,2
struff,2
millergord,2
millergmillertsn,2
patron,2
ottawas,2
promised,2
pull,2
jeebustrumpandandwoodtvthe,2
collapse,2
cathycaim,2
quimbyschicago,2
quimbys,2
blunting,2
tuesday,2
calendars,2
mark,2
zines,2
weed,2
legalized,2
supremely,2
wisdems,2
seats,2
races,2
murdoch,2
preferred,2
counties,2
asian,2
race,2
scary,2
evers,2
blizzard,2
judges,2
swarmed,2
debts,2
writing,2
greatly,2
bio,2
communities,2
normalized,2
feelings,2
heighten,2
knowledge,2
ur,2
solution,2
slapping,2
allowing,2
gas,2
entry,2
anxieties,2
fruit,2
enable,2
gold,2
creators,2
enjoyed,2
listening,2
pregnancies,2
pick,2
hint,2
wikipedia,2
othersthat,2
maskless,2
train,2
deprives,2
revenue,2
hourly,2
closes,2
twittercomctvottawastat,2
mad,2
ate,2
youngs,2
bed,2
yk,2
unpredictable,2
harmed,2
subway,2
cleaning,2
burden,2
demographic,2
working-age,2
prescription,2
fade,2
hopes,2
prioritized,2
kali,2
mayor,2
mine,2
tweettracy,2
solidarity,2
surgeons,2
starts,2
pandemici,2
indiaindia,2
indiaunion,2
economytimesofindiaindiatimescomtimesofindiaindiatimescomunion,2
modi,2
product,2
domestic,2
'kids,2
initiative,2
code,2
mutate,2
vaccinating,2
afraid'goldie,2
warned,2
looked,2
penned,2
discussed,2
enormous,2
closing,2
jeromeusaandandlivboereecorrect,2
trillions,2
nose,2
freezing,2
homeless,2
beginninguncoverdccomuncoverdccomten,2
yaotome,2
miserably,2
rushed,2
podcaster,2
mud,2
thru,2
easy-to-use,2
dominance,2
women's,2
graphs,2
quiet,2
kidding,2
opponents,2
visualizations,2
confusemislead,2
automotive,2
hunchesguesses,2
publicreported,2
occasional,2
catastrophe,2
fix,2
cwt,2
forecast,2
born,2
grandfather,2
attempting,2
spreads,2
conservative,2
weak,2
'obstructionism',2
fit,2
scottadamssaysi,2
distance,2
shaman,2
featured,2
qubcois,2
legislative,2
moms,2
arguing,2
french,2
obstruct,2
nfl,2
gbta,2
priority,2
predicts,2
spewing,2
remind,2
cast,2
duty,2
market,2
nick,2
property,2
yearcovid,2
passed,2
kinda,2
iq,2
restroom,2
piper,2
preliminary,2
experience,2
ground,2
jt,2
seasonal,2
freedoms,2
stole,2
meanwhile,2
except,2
capacity,2
costing,2
wouldve,2
francisco,2
measure,2
decided,2
voter,2
san,2
phdtracybethhoeg,2
phdtracy,2
rigorously,2
choices,2
benefits,2
rcts,2
buddies,2
assumed,2
setting,2
logs,2
statistics,2
chinese,2
unreliable,2
as-of-yet-not-proven-to-be-beneficial,2
beat,2
culpable,2
tests,2
importance,2
highlight,2
improve,2
approving,2
ipv,2
womens,2
antivaxxers,2
fever,2
airborne,2
nest,2
regularly,2
guidelines,2
fuel,2
addressing,2
alcohol,2
symptoms,2
goldfeld,2
common,2
gripping,2
confirmation,2
msm,2
epiellie,2
michel,2
virusa,2
murray,2
translates,2
danger,2
breath,2
curious,2
lich,2
fr,2
loremasterryanwhatd,2
feds,2
attitude,2
parroting,2
tom,2
corruption,2
fluquote,2
saved,2
uncoverdca,2
miserable,2
generally,2
uncoverdcten,2
protestors,2
ellie,2
father,2
physicians,2
realise,2
daycare,2
papers,2
brenda,2
r,2
hawkins,2
articles,2
provider,2
prcs,2
vaccinate,2
daughter,2
inside,2
praised,2
sendbootsi,2
dumbass,2
printing,2
youll,2
cohort,2
society,2
examines,2
perhaps,2
scare,2
offices,2
hussein,2
semble,2
par,2
voie,2
we'll,2
arienne,2
grace,2
milk,2
upheld,2
placed,2
humanity,2
maternelle,2
burnout,2
cool,2
emotional,2
begin,2
funneling,2
everywhere,2
radio,2
toilet,2
amount,2
il,2
primaire,2
dog,2
pressures,2
pee,2
le,2
lcole,2
quipes,2
pandmie,2
bullshit,2
commune,2
vient,2
juggle,2
cost-of-living,2
workplaces,2
voucher,2
perrottet,2
dominic,2
dacheter,2
des,2
quip,2
vouchers,2
toutes,2
du,2
outdated,2
kenai,2
doubling,2
unnecessary,2
running,2
employer,2
tweetsave,2
republicsave,2
republicwethepeople,2
pos,2
chy-na,2
authorization,2
inc,2
mos,2
launched,2
incs,2
portal,2
updatemoderna,2
universe,2
picked,2
opened,2
hbert-mild,2
actors,2
studying,2
essentially,2
austerity,2
doug,2
ah,2
william,2
july,2
officer,2
jabs,2
screenings,2
childrens,2
ordinary,2
member,2
contributions,2
shape,2
anger,2
chase,2
jamar,2
canberra,2
teeth,2
operation,2
kills,2
philippines,2
clue,2
contre,2
releases,2
httpsmarturlitsanspotiqidsyias,2
covids,2
saturday,2
nationally,2
carolina,2
australians,2
journal,2
badly,2
nyt,2
trusting,2
incarcerated,2
alt,2
scottythefailure,2
lsu,2
faith,2
stats,2
bread,2
famous,2
openly,2
struggles,2
skills,2
often,2
rorts,2
ortega,2
pms,2
walk,2
laws,2
santana,2
remains,2
click,2
compare,2
i',2
anxious,2
brain,2
'why,2
transparency,2
melissa,2
outdoors,2
opportunity,2
alex,2
ft,2
whose,2
shaken,2
shooting,2
auspol,2
year-old,2
effectiveness,2
compete,2
supports,2
integrity,2
subspecies,2
struggling,2
afloat,2
adverse,2
safetyism,2
initial,2
weve,2
ability,2
cells,2
european,2
heading,2
building,2
simon,2
fast,2
bigby,2
chat,2
scholar,2
ignoring,2
equipped,2
novak,2
eradicating,2
donated,2
cans,2
relatives,2
startup,2
motherfucking,2
whcovidresponse,2
officerand,2
whcos,2
jrpsaki,2
surgeongeneral,2
cdcdirector,2
nilslofgren,2
jonimitchell,2
neilyoung,2
september,2
brazil,2
immediate,2
teacher,2
faced,2
build,2
announced,2
loo,2
stages,2
reform,2
luxury,2
meta-analysisrepurposed,2
land,2
mildfor,2
globallyncbinlmnihgovncbinlmnihgovivermectin,2
pockets,2
reductions,2
participate,2
moderate-certainty,2
crimes,2
sentiments,2
excellent,2
silent,2
journalists,2
claiming,2
slavitt,2
relaxed,2
paid,2
reintroduce,2
meta-analysisivermectin,2
recommendation,2
joins,2
sandwich,2
rip,2
suspension,2
they've,2
mates,2
base,2
despairfive,2
angeringamericamagazineorgamericamagazineorgfive,2
depressing,2
maddening,2
othersso,2
boutymeyangleicqand,2
pain,2
bae,2
trialswe,2
yahoo,2
trialswerepurposed,2
tenfold,2
administrations,2
kentucky,2
junghi,2
adult,2
kory,2
pierre,2
double,2
briefing,2
responsibly,2
othersno,2
fec,2
wordle,2
proven,2
covidiots,2
swedish,2
incidents,2
frequency,2
termmynorthwestcommynorthwestcomgov,2
term'gov,2
hv,2
term'with,2
dramatically,2
btw,2
reinstate,2
connections,2
heilemann,2
co-founder,2
editor,2
recount,2
whilst,2
overly,2
racketeerrand,2
provinces,2
strain,2
share,2
cultures,2
fortune,2
confidential,2
passports,2
korea,2
lists,2
wife,2
lincoln,2
lines,2
built,2
movie,2
safer,2
chart,2
international,2
slide,2
january,2
measuresthe,2
mailthe,2
mailglobeandmailthousands,2
measuresthousands,2
incredible,2
mislead,2
road,2
apply,2
prompted,2
transitory,2
fed,2
funds,2
malaysia,2
suggests,2
disney,2
ko,2
delacourt,2
delacourtdespite,2
thedespite,2
theopinion,2
profit,2
burks,2
supplies,2
recall,2
pause,2
shares,2
tumble,2
everyday,2
glove,2
human,2
mistakes,2
jump,2
factory,2
qualified,2
germ,2
ballots,2
institute,2
peak,2
afcchampionshipgame,2
grip,2
forces,2
nih,2
mail,2
within,2
proved,2
highly,2
moderna,2
invisible,2
encouraged,2
switch,2
tasks,2
depleted,2
ranks,2
widespread,2
focused,2
focusing,2
tfg,2
develop,2
water,2
wuhan,2
accepted,2
widely,2
benefit,2
balance,2
obligation,2
worlds,2
hub,2
manthe,2
manalexberensonsubstackcomalexberensonsubstackcomthe,2
investmentplanning,2
investing,2
linkedin,2
dumb,2
retirement,2
quarantines,2
tweetaaron,2
covid-focused,2
zoom,2
led,2
poll,2
experienced,2
convenient,2
easier,2
successfully,2
deserving,2
scholars,2
buddy,2
dies,2
blessed,2
administered,2
cheslie,2
bless,2
materials,2
trusted,2
lawyer,2
grandma,2
admitted,2
sympathy,2
stations,2
censorship,2
'pandemic',2
grows,2
classification,2
pace,2
pushing,2
performance,2
stupidity,2
enjoyable,2
willful,2
reminder,2
model,2
theories,2
virtually,2
dead,2
psychologist,2
suitable,2
stressaustralian,2
advantages,2
headed,2
longest,2
thick,2
othersit's,2
rns,2
men,2
short,2
sixth,2
cutting,2
rollout,2
eye,2
partners,2
confirm,2
botched,2
tower,2
politicians,2
progressed,2
chains,2
rely,2
podcasts,2
b,2
advising,2
ap,2
mau,2
named,2
statuswith,2
heal,2
pre-vaccine,2
reelection,2
mourns,2
major,2
hondo,2
proper,2
regardless,2
accountability,2
posts,2
bullet',2
availability,2
ball,2
bhutan,2
hundreds,2
devices,2
polymeric,2
factors,2
morrison,2
oposisi,2
outbreak,2
bigotry,2
ignorance,2
beleaguered,1
comixbookgurlif,1
bidenworstpresidenteverbidenworstpresidenteverk,1
realcandaceoof,1
omicronteamilktumblrcomteamilktumblrcommilk,1
rna,1
managers,1
exhausted,1
wily,1
realtimers,1
hang,1
ministertonight,1
pharmaceutical,1
saysppe,1
himafneilafneil,1
pandemicthus,1
saysexclusive,1
transmissionmilk,1
lately,1
blues,1
healing,1
channelchannel,1
ozark,1
drama,1
billmaher,1
transmissionsince,1
lend,1
strand,1
blew,1
otherswe're,1
barrier,1
daysgov,1
critically,1
luaborealishospitality,1
mainly,1
stood,1
poorly,1
soccermomhettieandandforthebigguytry,1
emergencypowers,1
multiplequote,1
atlanticthe,1
abysmal,1
itemsexclusive,1
infinorthfreespiritusandandglenhansmanexactly,1
jayinslee,1
defy,1
atlantictheatlantic,1
mutations,1
survey,1
agoracomandandrichardhineyou,1
pandemicyes,1
exceeds,1
frustrating,1
items,1
twtdaniezspoonzzyand,1
presssec,1
awaits,1
hiring,1
tweethodgetwinshodgetwinshodgetwins,1
tosince,1
exposedquote,1
dodge,1
billythedoorin,1
bctf,1
halo,1
filmed,1
dana,1
re-edited,1
patriottakesi,1
joebiden,1
permafrost,1
mutating,1
sleep,1
popping,1
post-production,1
thaw,1
marketing,1
trauma,1
siberian,1
peoples,1
self-centered,1
familys,1
superbowl,1
hangs,1
worldcovid,1
racquet,1
priorities,1
feature,1
trump's,1
bumtwoofakind,1
opponent,1
disjointed,1
bashed,1
maryriddellandandscottribut,1
rcregalstarfiresome,1
disregard,1
surprises,1
problematic,1
scotland,1
chronicallyapstephaniebumpusandandkaylejhlet's,1
wales,1
court,1
whined,1
kidsthey,1
kyrgios,1
attitudes,1
brexitpandemic,1
storm,1
placebegoneborisquote,1
tyrannyquote,1
pandemicinstead,1
spot,1
rt,1
donald,1
gerger,1
destroying,1
acceptable,1
msmmmjas,1
disregarding,1
smh,1
coworkers,1
otherslets,1
healthyathopkins,1
andrewliberaandandpierrepoilievrepandemic,1
introducing,1
dissident,1
afterwards,1
alexgaggiorohanchindooroyand,1
sway,1
jdcocchiarellaa,1
hopkinsmedicine,1
healed,1
kteareandandeldsjalrogan,1
poking,1
smbs,1
state-approved,1
environmentalservices,1
gowbombersandandjoneshowdareyouhe,1
humanresources,1
absentee,1
whinged,1
buffoonfor,1
owswillsnope,1
pandemicrand,1
nefarious,1
light,1
houses,1
belgian,1
german,1
risetheguardiancomtheguardiancomppe,1
surgery,1
dispatchescdispatches,1
burger,1
johnsons,1
people's,1
reasonoverdogmai,1
willing,1
sounds,1
tunnel,1
wasted,1
brusselsbrussels,1
fundamentally,1
occupy,1
meds,1
worker,1
lilbwere,1
roaming,1
kcchiefs,1
rothbirdianandandantoniospaghetcity,1
in-vivo,1
nlnl,1
bebe,1
taxbastardfinal,1
dispatcheschannel,1
rand,1
bypassed,1
denying,1
mikeandandbobscartoonsi'm,1
bylaws,1
afcchampionship,1
faulty,1
potentialthere,1
comparison,1
title,1
enrich,1
cdnitalandandpamtconservative,1
memoir,1
tweetsotiri,1
rd,1
steadily,1
dimpinoudissotiri,1
dimpinoudissotiridi,1
avoidable,1
sellers,1
split,1
pandemicreallyamericancomreallyamericancomrand,1
breakingbreaking,1
tweetchannel,1
dutch,1
arent,1
winningthats,1
estate,1
itisdomexactly,1
hopium,1
chrismartenson,1
heidibrionesthis,1
december,1
bbloans,1
genius,1
barstuard,1
closest,1
bradhazzard,1
pandemicpauliety,1
regulation,1
craigkellymp,1
ellymelly,1
minds,1
benshapiroquote,1
tweetfayefayeodpfaye,1
mebeinghumannowandandgreysabcreally,1
we'd,1
davidhaharikiand,1
repealing,1
privatize,1
othersi've,1
dan,1
andrews,1
underestimate,1
irrational,1
happeningi'm,1
confused,1
warningfuck,1
profits,1
applaud,1
rishisunak,1
payers,1
hole,1
zaksdiner,1
forgottenltd,1
kendrasmillsyes,1
excludeduk,1
onto,1
manifesting,1
winwin,1
cooked,1
billyhottakesbilly,1
rocketed,1
hazodddsurplus,1
cursedbycastielpraying,1
grapple,1
perpetual,1
contrast,1
dehumanization,1
complain,1
definetly,1
satisfied,1
dubbed,1
sarahpinsker's,1
zoecelloi,1
oflisbon,1
attention,1
investmentslisbon,1
disabling,1
investmentssocialists,1
telegraphthe,1
telegraphtelegraph,1
yousitting,1
smoking,1
timely,1
sedentary,1
pandemicwishtvcomwishtvcomsocialists,1
risksthread,1
psychosomatic,1
diligently,1
symptom,1
tiredness,1
billyhottakesbold,1
oldtakesexposed,1
baseball,1
divert,1
song,1
supporter,1
empresrio,1
reckon,1
sizes,1
increasing,1
province,1
foundation,1
plnnerscovid,1
fordnationa,1
listed,1
neverwasabotthe,1
da,1
executivo,1
strange,1
produtor,1
compositor,1
cantor,1
cusp,1
sawdust,1
buyers,1
kevintreichelandandbillyhottakesnot,1
ffs,1
in-person,1
ether,1
sneer,1
upstay,1
deny,1
hunker-down,1
adolescents,1
dissenting,1
exaggerated,1
astopwarquarkjrandandpinkpeoniesofficial,1
brief,1
defeated,1
icon,1
jomojmandandlivboereein,1
virile,1
endbetter,1
namtimesrodgers,1
leads,1
minutelatimescomlatimescomwill,1
neocov,1
oneswill,1
onesour,1
pandemicpalliative,1
palliative,1
anti-vaccinatorsmedpagetodaycommedpagetodaycomopinion,1
refuters,1
deniers,1
willepic,1
politicizing,1
distrust,1
ottawaid,1
roadblock,1
reporters,1
snapping,1
eldsjalwhy,1
kuensberg,1
mediaeverything,1
uninformed,1
likes,1
complains,1
ohjesiamandandmichelletoasti,1
tsunami,1
brexit,1
vancouver,1
pivoting,1
impossible,1
steered,1
townhouse,1
'reporters',1
vultures,1
olympia,1
jackals,1
addictscrabbleandandconservativesindeed,1
toward,1
bodies,1
mold,1
twowhat,1
sadly,1
cuss,1
edge,1
hawkewardbought,1
walks,1
figured,1
theyd,1
eldest,1
unmasked,1
heightbut,1
talibandofbrosandandhasanthehunahh,1
isms,1
instrument,1
treatable,1
lakotamanyeah,1
behaving,1
outlet,1
description,1
simultaneously,1
jenngrantmusicfrom,1
milkshakes,1
poutine,1
breakfasts,1
depend,1
wellwatrdchelsthis,1
daysand,1
wondered,1
mindswhat,1
blow,1
hrt,1
trans,1
bothering,1
nasty,1
glenmcgregorthis,1
landscape,1
commercialleasing,1
update,1
in-depth,1
oneour,1
garquakei,1
justintrudeau,1
fordnation,1
cin,1
kan,1
commentators,1
spends,1
areas,1
teachnozive,1
vgrafopoulosi,1
reliant,1
technology,1
perdidostschoolandanddleonhardtwhenever,1
flaming,1
recipe,1
mikenotsoyeadonandandlauraits,1
touchiness,1
fearquote,1
journeys,1
tweetbae,1
types,1
territory,1
sfthunny,1
citimuttsit,1
bite,1
andyflourythese,1
outlets,1
sheeple,1
casey,1
publishing,1
ludacris,1
venom,1
imo,1
reruns,1
svu,1
enchiladas,1
careful,1
gotta,1
over--this,1
directly,1
therealsunbunnynoslisteningandandnbcnewsabout,1
tollbeyond,1
surgebeyond,1
surgebreaking,1
reportamericanorthcarolinahealthnewsorgnorthcarolinahealthnewsorgbreaking,1
nchealthnews,1
surgebyethompson,1
travelers,1
shut-ins,1
discontinuing,1
grotesque,1
annacaudillandandtishhwarreni,1
enter,1
gobychristineandandkevinctvif,1
evoke,1
predecessors',1
overcrowding,1
er,1
gaijingirlliebchenand,1
totaled,1
reereeisonmine,1
masse,1
scullyswifti,1
omarion,1
harmful,1
hannahgundermani,1
vacation,1
pwaforkit,1
uni,1
rule,1
breaker,1
courageous,1
unicanberra,1
minded,1
standing,1
two-year,1
deltavariant,1
spiral,1
committed,1
nteu,1
itsmoderna,1
acoustic,1
cinematographyquote,1
tweetblairsmani,1
seasonsshow,1
futuroerahoythat's,1
pandemicbloombergcombloombergcommoderna,1
dawg,1
consultation,1
startedyesterday,1
summarised,1
graves,1
portugal's,1
costa,1
clinch,1
majorityjanuary,1
amthe,1
digging,1
mummies,1
princegravyandandruralalkebulanim,1
turnout,1
myth,1
voodoo,1
closets,1
hoarding,1
announcers,1
rexchapmana,1
freaking,1
endgif,1
unvaxinated,1
mandymathedi,1
lolyou,1
ankles,1
doctorow,1
entertained,1
cbc's,1
matt,1
reviewing,1
parliamentary,1
laissez,1
pension,1
sailing,1
keans,1
speeches,1
bcschoolcovid,1
sticks,1
collegial,1
mikeymannyes,1
amy,1
otherswhen,1
bell,1
julesholmandarrelltinozand,1
affecting,1
pregnancy,1
childbirth,1
laclippersfilmfull,1
fly,1
parenthoodcbccacbccaparental,1
grift,1
kimandmileyandandpopcraveim,1
crush,1
momentum,1
distracted,1
ihevrybdythe,1
pierrepoilievreno,1
separation,1
numbercatexcept,1
pierrepolievre,1
pandering,1
nestozandandjazzmanianthey,1
surgeries,1
racecanadacamkidsontorontoandandhondaindythis,1
resist,1
lunatic,1
govts,1
static,1
tickets,1
pop,1
sale,1
seanchaibeagblokeonwheelsandandfrancesbuttonthats,1
trishthedisheosulland,1
abstract,1
othersindeed,1
hilarious,1
guiding,1
giant,1
eliminated,1
zealous,1
ppl's,1
communist,1
sandiego,1
hughrimintonusing,1
endanger,1
suppress,1
elses,1
allits,1
pplspreading,1
what's,1
cancel-culture,1
identification,1
everit's,1
andrewyangwe,1
burningi,1
videos,1
anti-free,1
matthewstadlenbut,1
salaries,1
speech,1
stance,1
capping,1
brocadedbearpeachfrontand,1
othersnot,1
pd,1
uncomfortable,1
parental,1
ianfreehe,1
sho,1
shoan,1
manan,1
briannekwith,1
mikeystephensfirst,1
excuses,1
span,1
conan,1
kumamet,1
cocovid,1
moreexpecting,1
testthehillcomthehillcomcovid,1
survives,1
inconsiderate,1
persecution,1
tribal,1
carterforva,1
dry,1
cough,1
atoms,1
spiked,1
evolve,1
wizardelection,1
combat,1
safetyi,1
balancing,1
mission,1
challenge,1
oppression,1
canadiansopposing,1
pesky,1
levelsthe,1
roadsthe,1
roadswas,1
ridewriterepeatcyclingweeklycomcyclingweeklycomwas,1
female,1
uptick,1
roads,1
quieter,1
saskatchewan,1
ginnaaron,1
ginnaginnt,1
restrictionsottawa,1
shayneyou,1
disappear,1
zeroit,1
liesi,1
blown,1
handed,1
mnhockeymomwilfredodiazprandandgopwell,1
imbalance,1
cuz,1
reached,1
quarantining,1
purposefully,1
blacks,1
nicer,1
non,1
boycotts,1
ballotnbulletandanddiazandytwelvesir,1
wizardelectionwiz,1
tweetelection,1
priorjpostcomjpostcomcovid,1
biowarquote,1
industrynpr's,1
industrypandemic,1
pandemicnprorgnprorgpandemic,1
minimum,1
beloved,1
channel,1
methodist,1
latino,1
annacaudillandandtishhwarrenthe,1
continent,1
afrika,1
evolved,1
trumped,1
madnomadicprophetdefiandandrgbatlanticawe,1
dented,1
indebted,1
chickens,1
timenpr's,1
physician,1
providers,1
clueless,1
jerry,1
china's,1
paradigm,1
reactive,1
demented,1
authoritarians,1
braindead,1
libertarians,1
seeking,1
short-lived,1
nirvana,1
trucks,1
pov,1
pandemicphysician,1
acceptablejamanetworkcomjamanetworkcomphysician,1
mh,1
warmerto,1
libs,1
modernhereticyou,1
wef's,1
neverending,1
dv,1
century,1
honest,1
watchtowerromewe,1
advocated,1
platformed,1
networks,1
kyleddmandandbradkohlby,1
eventually,1
they'll,1
laziness,1
defeatism,1
guaranteed,1
ilk,1
otherswell,1
nikolegendsmanchuriantheand,1
champion,1
bethanyincbrperhaps,1
sw,1
mouths,1
harry,1
chipsand,1
fish,1
gbnews,1
tweetkellykellykelmerica,1
lyingquote,1
byedon,1
themeverysinglething,1
memorial,1
toothis,1
timethis,1
timeyou're,1
yearfortunecomfortunecomyou're,1
naomirovnicknaps,1
jodie,1
bevantrishaahh,1
rock,1
ordered,1
sweatshirt,1
playoffs,1
actinglike,1
scientist,1
skinny,1
francescappphow,1
africa,1
saayeritreaedit,1
entertaining,1
monicagandhi,1
liveslike,1
monicagandhiif,1
jail,1
maryland,1
bendreyfusshappened,1
form,1
hamelin,1
pied,1
nothinglike,1
anythinglike,1
sherpa,1
factjoe,1
boarders,1
realist,1
taste,1
nzheraldand,1
deardemvoicedemvoice,1
situationoh,1
joined,1
managertimcjudd,1
transmissionnope,1
managerantifas,1
tweetantifas,1
no-one,1
denialwe,1
truthful,1
laterif,1
cship,1
backyard,1
robertsixtoi,1
goldfeldprof,1
anti-lockdownmasks,1
auditor-general,1
pronounced,1
avenir,1
coalition,1
then-fledgling,1
legault,1
franois,1
derfelaaronderfel,1
derfelaaron,1
hontequote,1
pasfier,1
generations,1
willingly,1
disgrace,1
ventilation,1
posse,1
surprising,1
elementary,1
thisshow,1
potusstop,1
pertinent,1
laundry,1
airing,1
pandemic-fest,1
youthis,1
tslafanmtlelonmuskandandaginntalso,1
determine,1
debating,1
hosting,1
opening,1
implying,1
taygeecharleedacatandandeldsjalwho,1
coverup,1
ccps,1
releasethe,1
donwaywswsbradluttrellandandjkishorewe,1
runaway,1
keeps,1
francoislegault,1
negativities,1
arts,1
responseandy,1
responsepandemic,1
responseyahoocomyahoocompandemic,1
iwatefumi,1
gaoled,1
othersfauci,1
captgoodlovethemoccasinand,1
graduates,1
appear,1
appreciation,1
rarely,1
profitable,1
advertised,1
morbidity,1
morbiditythe,1
risingthe,1
theandy,1
electionyesyesnono,1
electricity,1
nots,1
positively,1
brainstorm,1
teddygrahamsbradzaguateandandbriangittlol,1
colleges,1
bribed,1
mommy,1
daddy,1
socioeconomic,1
votesfinal,1
highlighted,1
jilevinthe,1
wwii,1
bracero,1
angeles,1
los,1
resultsfinal,1
grievances,1
drivel,1
othersprof,1
anti-liberalism,1
questiontimequote,1
sid,1
endorsing,1
faking,1
theorist,1
ubiquitous,1
besides,1
pence,1
mike,1
jaketerelliandandcnnjust,1
defective,1
blocked,1
yikes,1
facism,1
creepy,1
operaofthelches,1
attacking,1
tweetdisclosetvdisclosetvdisclosetv,1
secretary,1
sajid,1
unmanageable,1
httpprof,1
lens,1
inequity,1
outlines,1
explores,1
ccchau,1
mja,1
salary,1
javid,1
fat,1
psychotic,1
flying,1
prguyhe,1
reportsshow,1
telegraph,1
scrap,1
suing,1
otherswhy,1
delcoguymearmstrongand,1
fault,1
surviving,1
accountableway,1
halchukhalchukmichael,1
halchukmichael,1
tweetmichael,1
partquote,1
unforgivable,1
politician,1
hibbythachi,1
doom-sayers,1
raging,1
cbsnewswe,1
goldstein,1
brett,1
ofas,1
heartbroken,1
bowlnaaaaaaaahhhhhhhhhh,1
sans,1
colder,1
akbarpourglad,1
eye-opener,1
enjoy,1
shops,1
cup,1
millionsquote,1
exploiting,1
maximum,1
rosiebarton,1
bandemic,1
myworldtaw,1
rattesting,1
huntyet,1
greg,1
spokesperson,1
agedcare,1
reflected,1
markle,1
endoranvanguardadamjohnsonnycandandgregalexanderit,1
join,1
strapped,1
rong,1
pantoum,1
breathe,1
inhalefeel,1
aeon,1
herman,1
carluxury,1
electric,1
eliapplesux,1
catch,1
turd,1
player,1
devolope,1
eliapple,1
krugman,1
levelsread,1
ramp,1
wu,1
nearing,1
parade,1
r-va,1
soaring,1
lessquote,1
icui,1
round,1
invite,1
repmgriffith,1
welchforvt,1
griffith,1
endless,1
d-vt,1
welch,1
seriouslyrepresentatives,1
exodus,1
legislation,1
rollback,1
sherrytenpenny,1
instantly,1
otherssupply,1
woocklonminnesotaexpatand,1
website,1
existencefor,1
archewell,1
othersfor,1
overwhelminggif,1
kerpenandandjhaskinscabrerathe,1
affect,1
chrisbrfinally,1
websitecdcs,1
fundraising,1
trackercdcs,1
trackercovid,1
iecovidcdcgovcovidcdcgovcovid,1
distribute,1
collect,1
iliarashadso,1
nickcannongotsperm,1
conducting,1
passing,1
humble,1
fandom,1
chrishendersoni,1
emerge,1
shared,1
allegedly,1
eldsjalhas,1
investandbefreethe,1
deserves,1
bengaljimsbtrcongratulations,1
cruises,1
uscg,1
spacex,1
zone,1
hazardous,1
seas,1
harmony,1
royalcarribean,1
survive,1
interaction,1
brim,1
ipa,1
flashbacks,1
inadequacy,1
convenience,1
noon,1
committee,1
oversight,1
declaration,1
jayashcroftmodid,1
dinero,1
lavado,1
ilcito,1
enriquecimiento,1
inters,1
conflicto,1
hay,1
admite,1
violetavrentonces,1
gasping,1
cev,1
superstition,1
barcelona-el,1
unleashing,1
unscathed,1
anthony,1
barcelona,1
considers,1
airport,1
prat,1
tarradellas,1
rematch,1
josep,1
approaches,1
airplane,1
mobile,1
cruise,1
whoisheartbreakwhat,1
reverse,1
okcupidtindertinderokcupidokcupid,1
artinder,1
vr,1
empty,1
emotionally,1
furphy,1
shd,1
tuckerbtckr,1
tuckerbarry,1
tweetbarry,1
shelvesabcaustraliaquote,1
angrypandemic,1
incomes,1
harasses,1
govt,1
powerful,1
aussies,1
impoverishes,1
deliberately,1
moneygovernment,1
trickerypeople,1
obliged,1
mwc,1
swipes,1
beresfordo,1
beresford,1
dave,1
cartoon,1
bumble,1
okcupid,1
evermarch,1
tinder,1
hoax,1
',1
goldnecklaceandandjamessurowieckibecause,1
governmental,1
fascists,1
democrats,1
fascist,1
scamdemic,1
nickcannon,1
cannon,1
symposium,1
schoolsquote,1
stevievanzandtbengals,1
open-minded,1
liar,1
crook,1
exposes,1
destantis,1
fraudulent,1
arrest,1
kickstart,1
potent,1
brady,1
burrow's,1
manning,1
peyton,1
mahomes,1
pat,1
concocting,1
supper,1
pandemicthese,1
doomed,1
excess,1
ndowntownreader,1
nlaura,1
tweetlaura,1
cynical,1
unleash,1
carry,1
financially,1
considered,1
twice,1
yveyveyveapparently,1
foodgoodsbrexit,1
taxpetrol,1
council,1
outmortgage,1
stalling,1
pulling,1
bingo,1
tuktuklexnot,1
epic,1
reopen,1
tgmooreandandplaguedocisinmaybe,1
orderwhy,1
judicial,1
comply,1
redact,1
fda,1
worldwhy,1
pandemicjab,1
firing,1
safejab,1
goodjab,1
effectivejab,1
thejab,1
infoif,1
trial,1
hide,1
icus,1
anti-vaxers,1
reportsthis,1
resortduring,1
confirmed,1
withdrawn,1
tweetrisemelbourne,1
notesquote,1
noplanjoe,1
zsuystem,1
bradkandandmonicaonairtalkpandemic,1
criedleaving,1
exhaustingquote,1
golfand,1
othersabsurd,1
grocerymarketbullsfanand,1
tokyotinyandandyahoonewstopicspandemic,1
workshow,1
nations,1
tweetchisechisesailorrooscout,1
safeedforalljeremyjeremyshaundigregorioand,1
tweetgabriel,1
itjust,1
gabriel,1
plandemicstop,1
nowall,1
wefbut,1
assist,1
beforea,1
northlanders,1
laid,1
quicker,1
herd,1
kevinaultmolanderbethand,1
teejcurse,1
unreal,1
dirtthis,1
teeji,1
avi,1
cooler,1
ultimate,1
subscription,1
girlin,1
declared,1
elder,1
yetyou,1
othersthanks,1
cranudjokernoleand,1
faithfully,1
attended,1
whove,1
accessibility,1
schelskeandandtharealsamothe,1
weakened,1
cli,1
clisantana's,1
bandsantana's,1
bandsantana,1
dayyoutubecomyoutubecomsantana,1
enelrahave,1
eotirolfgood,1
smarter,1
studied,1
legitimate,1
exponential,1
reserve,1
stockpiles,1
cygnus,1
whingers,1
yisraelchaiadambear,1
sensitive,1
namely,1
intuitions,1
healthsafety,1
thejbstanwhstanciland,1
continuation,1
hesitancy,1
colonelbillandandfoodprofessorit,1
lakituknowsandandlolnahbruvshow,1
ironic,1
gabhr,1
slate,1
campaign,1
lesshumbleteej,1
remotely,1
educators,1
licswinspiretheyouth,1
licswsalma,1
tweetsalma,1
normalquote,1
kindergartner,1
traumatic,1
periods,1
incarcerationmichaelminalab,1
marking,1
grade,1
niece,1
prisonsthe,1
boomthe,1
boomhow,1
chelseaclintonslatecomslatecomhow,1
risingcovid,1
recommended,1
sarahzhangsarahzhang,1
professionals,1
asserted,1
surging,1
malfeasance,1
considerable,1
socialism,1
payments,1
disability,1
hypothetical,1
misinterpretation,1
willwilliamsandandtrisresiststhats,1
fought,1
grandparents,1
jerk,1
sound,1
cowardly,1
bagel,1
cloth,1
development,1
peterwmurphyandandinsidersabcand,1
lasses-faire,1
habsandandjacktoddright,1
christyyandandrpatrickallento,1
justinbobbyxdamn,1
tharealsamoand,1
jacktodd,1
funded,1
grossly,1
trampled,1
experiencebut,1
centres,1
splinters,1
spat,1
woodchipper,1
burned,1
chooses,1
parks,1
bullying,1
muzzles,1
sparkyjandandtruecanuckthen,1
cmte,1
russians,1
pandemic'people,1
pandemic'sleepwalking,1
surgerymanchestereveningnewscoukmanchestereveningnewscouk'sleepwalking,1
'sleepwalking,1
map,1
customized,1
generate,1
one-stop,1
updated,1
ego,1
realkimwalkerelonmuskandandwsjfor,1
photo,1
endtheneglect,1
beatntds,1
learn,1
worldntdday,1
ntds,1
addiction''people,1
unchealthcare,1
uncsom,1
hanoi,1
putin,1
dryflywhodatplkrstnjnandandivohdaalderand,1
evil,1
forgivable,1
lipsontggthefrostmindandandprimalpolyso,1
heartfelt,1
catholics,1
archbishop,1
reeling,1
fare,1
telemedicine,1
thisfahiemah,1
spoke,1
conantnyc,1
restaurateur,1
chef,1
spillhellbryancmurrayandandanniegirl,1
short-staffed,1
bryan,1
wfkarslove,1
forwardi,1
godwhy,1
truthif,1
psychamajoredutuarioandandbretweinsteina,1
merekreganjoe,1
neverthless,1
reduction,1
rents,1
fl,1
jacksonville,1
nv,1
vegas,1
las,1
abhabhattaraiandandandrewvandamcincinnati,1
annanorthtweetsannanorthtweets,1
exhaustion,1
supplied,1
jock,1
pointquote,1
tweetabove,1
bmj,1
itwho,1
tollstayathomemacrosubstackcomstayathomemacrosubstackcomwho,1
heaviest,1
recording,1
poland,1
lithuania,1
bulgaria,1
territories,1
pesoabove,1
tanking,1
continuously,1
timeline,1
dmedinaandandjenflyou,1
undefeated,1
teej,1
pesopbsimpulse,1
cynicism,1
disguise,1
cyrusdrkalicyrus,1
qualify,1
limiting,1
markamodeinv,1
hcw,1
unvaxoverstressing,1
bedsdying,1
vast,1
pandemiclife,1
psychologically,1
whoisdccapitalthe,1
spiritually,1
bennyenhisjetandandloulouleeismespoken,1
hawk,1
jane,1
tydormhm,1
's,1
loves,1
supportquote,1
somebody,1
cyrusdr,1
chaotic,1
voxdotcomquote,1
newannanorthtweets,1
toyou,1
concrete,1
goal,1
drkalicyrus,1
phase,1
regulations,1
upi,1
germany,1
pandemicdan,1
kempyivandanddanielandrewsmpso,1
world's,1
unavoidable,1
pmhodgsonandanddanschuettendemic,1
addresses,1
tropical,1
neglected,1
progress,1
personalattackers,1
pandemichis,1
othersbiden,1
factredactjoansgarrisonand,1
motivation,1
pandemicno,1
creativehaving,1
deadlines,1
grief,1
somethingsay,1
counts,1
janecaseyauthoranything,1
trick,1
anemic,1
paramount,1
impactful,1
knowing,1
jimmydoreif,1
saving,1
dannyddexactly,1
bro,1
sexual,1
rutledgetrey,1
tweettrey,1
organizationsquote,1
cye,1
aronashvili,1
ruby,1
extortion,1
wikipediathumb,1
southeast,1
enwikipediaorgenwikipediaorgthumb,1
fires,1
thumb,1
pandemicsea,1
sportssea,1
sportsph,1
marcreyesinqsportsinquirernetsportsinquirernetph,1
upon,1
arrivalhow,1
dhabi,1
manner,1
morons,1
agreenaww,1
masters,1
puppet,1
anytime,1
capitalism,1
rwmdchristiandandswhitallthe,1
progressive,1
pandemicvery,1
subsidies,1
gopinathgitagopinath,1
gopinathgita,1
tweetgita,1
un,1
tier,1
httpontheatlntcldsvtqlhttp,1
gravity,1
peoplequote,1
abu,1
municipal,1
flew,1
dinuralmandandexpresscelebhow,1
compassionate,1
aint,1
guidancethe,1
thebfdconzthebfdconzpandemic,1
federalno,1
demandsall,1
tweetjoseph,1
pathetic,1
anniversary,1
celebrating,1
lanka,1
sri,1
phdjtcroosmoraes,1
phdjoseph,1
rutledgetreyrutledge,1
targeting,1
autoimmune,1
attackers,1
thankful,1
headphones,1
decent,1
medication,1
theloveduckieandandcodercateback,1
sarscovmhlwgojpmhlwgojpqaqaqaqa,1
httpcovid,1
httppandemic,1
laa,1
wabak,1
manusia,1
eh,1
lain,1
ckp,1
skrg,1
cukup,1
yg,1
normalised,1
tailor,1
athletes,1
politicized,1
evorgsamohtcreflowandandmadisontxyou're,1
itrockville,1
pandemicrockville,1
pandemichow,1
valleymywabashvalleycommywabashvalleycomhow,1
accounting,1
shed,1
ten,1
wmn,1
kimmangonetop,1
saiklsjellydates,1
chinasix,1
negativesix,1
negativeat,1
winterolympicsstartribunecomstartribunecomat,1
precautions,1
imun,1
mempunyai,1
kerana,1
alarmist,1
drsarahmcnabdrsarahmcnab,1
paediatricians,1
awesome,1
headline,1
tweetwombotwombotcolourmeamused,1
highlyquote,1
dissemination,1
complacent,1
topic-measuring,1
whathasdonethe,1
lmaoooo,1
coworker,1
cloudfaceusacloudfaceusa,1
supplychainsupplychain,1
customersquantumcyberquantumcyber,1
subscribers,1
workersassignmentwritersorgassignmentwritersorgmeasuring,1
informedtopic-measuring,1
vaksin,1
pun,1
cakap,1
sblm,1
bulanpadahal,1
setelah,1
lemah,1
boosteralasan,1
bagi,1
nnti,1
informed,1
kj,1
skrip,1
paham,1
dah,1
semua,1
kkmputrajayamengarut,1
halted,1
ittomorrow,1
familiestomorrow,1
neighbor,1
financialservices,1
treasure,1
piercings,1
tattoos,1
actively,1
corporations,1
surrounding,1
motive,1
ulterior,1
hhraljosepand,1
amplify,1
oxygen,1
plaguedocisinyes,1
malaria,1
blindness,1
river,1
lao,1
loa,1
asx,1
glamour,1
stocks,1
headachesmargins,1
smiles,1
laughs,1
owe,1
tiniest,1
feat,1
jennyyangtvgrief,1
headaches,1
softensmargins,1
single-use,1
softensansell,1
soarafrcomafrcomansell,1
downgrade,1
hefty,1
ansell,1
protective,1
gloves,1
yellow,1
dengue,1
geopraphic,1
wayofcloudbraini,1
thresholds,1
hfrens,1
mindset,1
mostmorallawsandandamcapestrongthat's,1
predates,1
brainrot,1
mxtx,1
column,1
halley's,1
bar,1
exclusively,1
anymore,1
dyingyou,1
jcpskyyou,1
urk's,1
depthsofwikigotta,1
lifetime,1
comet,1
contained,1
gregscottthis,1
platforming,1
riadramsaroopjackhammersalmandandkylekulinskihow,1
noticed,1
spanner,1
nazirafzalshame,1
queenrobinayou,1
finances,1
genocide,1
comparisons,1
myanmar,1
scores,1
facebook,1
nicolelyonspoetsocial,1
extracurricular,1
sweet,1
aib,1
hugs,1
fintech,1
pitcher,1
automationanywhautomationanywherecomautomationanywherecom,1
mt,1
queria,1
burnoutrelentless,1
victimsrelentless,1
victimspharmacy,1
workersbloombergcombloombergcompharmacy,1
front-line,1
enduring,1
weight,1
straining,1
pharmacy,1
newspaper,1
wise,1
wondering,1
swiss,1
kachiayamxpxandandandikunzwhenever,1
it,1
deve,1
ser,1
legal,1
symbol,1
othersisraels,1
priscillagilmanfitterhappierajand,1
yrying,1
yesterday's,1
leandadelislehe,1
understood,1
xrpeaceofminddemikbtcandandcryptowhaleits,1
remaining,1
jogar,1
removal,1
wootlawandandsemiogoguebiggest,1
meio,1
rim,1
um,1
custa,1
pena,1
bearsgalnathesuterand,1
fortunate,1
wasi,1
scarce,1
cock-up,1
quick,1
ofyou,1
carried,1
rsamuelwalcotwerahobhouseandandbathnesldpurchasing,1
shelf,1
spring,1
distilled,1
politicking,1
machine,1
cpap,1
inutahnotofutnpi,1
mahomesjacksonmahomes,1
mahomesjackson,1
tweetjackson,1
anthe,1
playground,1
curiouscatpatrickamonand,1
trips,1
quant,1
couple,1
robbed,1
probablyi,1
cope,1
pounds,1
labrauersame,1
comms,1
reminded,1
othersenforced,1
dshaywitzwsjandandjamaand,1
axie,1
gaming,1
cryptonjrzi,1
similar,1
markedly,1
decisively,1
sourz,1
spoons,1
trash,1
bothered,1
connecting,1
otherscrazy,1
muichimotsugonuclearpowerand,1
tweetultrasliv,1
dossiersubstackcomjordanschachtel,1
dossiersubstackcomjordan,1
tweetjordan,1
himquote,1
rebut,1
fears,1
fuels,1
fossil,1
misuse,1
chaos,1
storms,1
son,1
screwlabouryou've,1
pouring,1
strongly,1
storyline,1
jimlamoneverything,1
millionth,1
nine,1
elemsecondary,1
graduate,1
crt,1
documents,1
apprehending,1
djmeatdaddyandandorinjpgand,1
asrppandemic,1
woefully,1
robertjmonsonhavent,1
variable,1
achievement,1
rafa's,1
medvevev,1
ubdlalalaandandgigicatmaybe,1
kindness,1
resolve,1
honorable,1
viruses,1
liammannixliammannix,1
ba,1
two-dose,1
britains,1
heraldsmh,1
heraldthe,1
developedquote,1
andyeah,1
value,1
tullyvanhelsingkills,1
tullysamantha,1
tweetsamantha,1
defence,1
vanhelsingkillsandandlolnahbruvyou,1
garages,1
respective,1
sudden,1
desensitized,1
hearing,1
relevance,1
rupa,1
rupasubramanyaandandelmamabearthank,1
mentioned,1
vmic,1
tamiflui,1
happeningdistribution,1
reverence,1
othersmost,1
pultevictordono,1
yyiddledigbydoodahsand,1
profited,1
expose,1
financials,1
leaked,1
hmu,1
necessities,1
incorrectimagine,1
existed,1
sm,1
covid-quote,1
direwolfepclomamaand,1
hbo,1
novels,1
ele,1
insanely,1
chrisobraylisa,1
secs,1
transmitted,1
hiv,1
awaking,1
kept,1
slap,1
dropped,1
cronies,1
donaldjtrumpjramerica's,1
rating,1
patriotjesusascottbushkinandandjkashbiden,1
compromised,1
sickness,1
joining,1
grad,1
vivalaalicei,1
fields,1
marshall,1
wrecked,1
greedy,1
raiders,1
dresses,1
prom,1
questioned,1
macys,1
wars,1
trade,1
trump-era,1
interrupted,1
mairinsithegalasistersandandrcregalstarfiremacys,1
dfurieiamjeremyshullandandsaturnzvi,1
boxtox,1
interrupt,1
princessmust,1
adding,1
assured,1
wayofcloudbraincallowynrest,1
ottawaconvoy,1
aliarnotaleader,1
cbsnews,1
cbctoronto,1
treachery,1
amounts,1
monitoring,1
potusconsidering,1
restrictionsshow,1
falls,1
retrospective,1
harrisjohnharris,1
harrisjohn,1
tweetjohn,1
constantly,1
coldquote,1
saravicsorry,1
sunriseonbarnabyjoyceandandalbomprats,1
dinner,1
beers,1
fav,1
shark,1
writers,1
oceanboundagain,1
obsession,1
lucasduffybigmikeakandandchuckwendigtell,1
tweetfox,1
danielosomasoquismo,1
miyares,1
jason,1
ag,1
va,1
newsfoxnews,1
newsfox,1
renewed,1
jeeyonshimi,1
uncsomuncsom,1
cohorting,1
names,1
bipartisan,1
path,1
wishes,1
nc,1
pandemictomorrow,1
career,1
eff,1
smearing,1
failure,1
stephanieradeandandavengerresisteralso,1
failing,1
beneath,1
hatred,1
throwing,1
jkenneyreally,1
appallingquote,1
emberonmaini,1
instances,1
fail,1
woundedkneandandkatescott,1
policymaker,1
fronts,1
indications,1
pakistanall,1
era,1
toothere,1
blessings,1
rains,1
tenure,1
lows,1
fallout,1
replaced,1
trumpbut,1
choose,1
ek,1
daniel,1
controversy,1
severe',1
jtncameronmangetoutandandopenmindedkiwithat,1
craigslist,1
bimmyjartelmacdsmithand,1
vanished,1
stabilizing,1
idk,1
katelynxalso,1
mapandandclaudetteggibsi,1
justinwalleyandandjamesmelvilletime,1
confront,1
abouttearing,1
forgot,1
llikemoydyou,1
recognizes,1
moe,1
'less,1
climbingif,1
publishes,1
infects,1
backbonespotify,1
seriesthis,1
manthis,1
wishfulthinking,1
tonight,1
investment,1
investmentrainforest,1
contributedlinkedincomlinkedincomrainforest,1
geopolitical,1
httpre,1
inoculations,1
owned,1
employeesprivately,1
othersexcept,1
hanwokeslayerjewand,1
ads,1
pedalsforpinotis,1
active,1
anti-vaxxer,1
spared,1
inflammatory,1
pressed,1
renadestinkevinkeelyand,1
informative,1
wmichael,1
tendencies,1
mixed,1
gregeeandandawlabor's,1
woodruajoe,1
gathering,1
dradgradnikkiandandmattduchenewhat,1
interested,1
basically,1
simulation,1
appreciate,1
valentine's,1
becomes,1
farce,1
stretches,1
messaging,1
consistent,1
spoiled,1
shouldnt,1
jkenneyandandduanebrattthen,1
viable,1
deals,1
darrellnelomsandandmrnofollowersyeah,1
pooper,1
un-coupled,1
laughter,1
bitter,1
decidedly,1
inspires,1
particular,1
cleared,1
values,1
moral,1
chopped,1
pandemic',1
'start,1
bg,1
interviews,1
trot,1
lukepurinsimageleandandsarahwas,1
pandemicthestarcomthestarcomopinion,1
benefitingjg-tccomjg-tccomexperts,1
robertjmonsondisabled,1
various,1
retirees,1
freelancing,1
moneyhelp,1
benefitingherald-reviewcomherald-reviewcomexperts,1
gfc,1
interview,1
note,1
statist,1
cv,1
leftist,1
sects,1
illustrated,1
savings,1
daylight,1
flippedlipevery,1
structures,1
risen,1
explained,1
debunked,1
perspectivethis,1
vaxxers,1
matterthe,1
gingerlynvit,1
ups,1
diminished,1
coerced,1
concerns,1
authoritarianism,1
mibiz,1
violence',1
'pandemic,1
relationships,1
governmentsmany,1
western,1
exerted,1
unexpected,1
toddjmandrewdhunterandandpremierscottmoemany,1
biayain,1
jawab,1
tg,1
krn,1
meninggal,1
juta,1
kemarin,1
west,1
michigan,1
newsmibizcommibizcomhealth,1
violencehealth,1
staggeringnumber,1
threatpalexandersubstackcompalexandersubstackcomnumber,1
staggering,1
iancosulenirenbergand,1
panicgif,1
verbiage,1
governor,1
arkansas,1
dayjust,1
opposite,1
hammer,1
beating,1
billyhottakesthe,1
atincidents,1
violenceincidents,1
seperti,1
kejadian,1
udh,1
adapt,1
endemy,1
earing,1
smaller,1
racio,1
vacination,1
unusualtimesyes,1
manages,1
deobiheeconsidering,1
sexy,1
nixonchesthairandandnytimesnot,1
correct,1
automatically,1
marerstephenandandsdbaralwhich,1
principled,1
canceled,1
frogpondfondyashireitmanand,1
lifted,1
kalau,1
everchanging,1
ada,1
ga,1
otherspandemic,1
musliminfadsumarniand,1
loneliness,1
scaries,1
gencon,1
pissed,1
demonstration,1
addressed,1
hire,1
private,1
remove,1
aleksicsome,1
lifetimes,1
staggeringdr,1
olddr,1
succumb,1
hazardrofiatrofiat,1
aboutwtf,1
tweetoresugaroresugarhawwwtice,1
ekequote,1
mercy,1
rituals,1
boysyahoo,1
nigeria,1
originating,1
oyibo,1
bumbum,1
pandemicwith,1
yr,1
othersprobably,1
vetnationshowcraigcastleberand,1
livtobakei,1
nait's,1
yahooyahoo,1
confidence,1
ritualritual,1
disinformation,1
disseminating,1
cuckoos,1
dummies,1
nut,1
sneakerspotifyusaand,1
interests,1
idiots',1
'useful,1
busily,1
gravitybugandandaustralianlnp,1
interestingi'm,1
innumerate,1
othersoh,1
theowhoaevilroband,1
bait,1
unlike,1
diesdied,1
soarauthorities,1
pandemictheguardiancomtheguardiancomschools,1
fuelling,1
reinfections,1
underlines,1
quit,1
proceeded,1
paying,1
flaked,1
tldr,1
inhumane,1
unfair,1
passport,1
pittmanrickpittman,1
pittmanrick,1
tweetrick,1
soarschools,1
englandauthorities,1
disagree,1
ford,1
elonmuskandandaginnti,1
threatfor,1
mildwhen,1
threatnytimescomnytimescomwhen,1
conjecture,1
conservativeliberal,1
epoeno,1
mandated,1
shameermuljihachueeyandandsdbaralslight,1
ultimately,1
livelihoods,1
ruin,1
doubledeuceif,1
twenties,1
roaring,1
haunt,1
differently,1
failures,1
crowded,1
taitstephtaitwrites,1
taitstephanie,1
tweetstephanie,1
experiencequote,1
colds,1
norovirus,1
settings,1
indoor,1
bleach,1
ushered,1
economies,1
draconian,1
bravery,1
matthewhootonnzandandcharlottebellisthere,1
crisisgif,1
midlife,1
canif,1
forcing,1
harm,1
possibly,1
suggesting,1
riots,1
gators,1
meth,1
hornets,1
murder,1
fell,1
handle,1
samanthasurveyoandandbeschlossdci'm,1
criticism,1
valid,1
contracts,1
separate,1
fascinatorfuni,1
ageshow,1
pandemic-triggered,1
deirdres,1
independentschool,1
complained,1
fate,1
accept,1
melulateri,1
fong,1
fongnicole,1
recoverytimenicole,1
tabernacle,1
recital,1
organ,1
park,1
olympic,1
utah,1
deer,1
outdoor,1
slopes,1
father's,1
couchpotatoscotfaxand,1
independent,1
otherstheir,1
ina,1
neutral,1
holy,1
resistance,1
aligned,1
harrisjmy,1
robinhoodieyeah,1
arguments,1
nous,1
motoring,1
ref,1
sheet,1
crib,1
weird,1
grasp,1
ingest,1
horse,1
subsidizing,1
underemployed,1
disgusted,1
filthy,1
abandoned,1
trainssubway,1
diligent,1
mta,1
starthestarcomthestarcomopinion,1
underemployeda,1
paste,1
generationa,1
generationindia,1
worknytimescomnytimescomindia,1
scrounging,1
dividend',1
'demographic,1
imperil,1
golden,1
jewelry,1
dad,1
must've,1
dido's,1
bus,1
sunak,1
rishi,1
saviours,1
concentrating,1
pandemicinflation,1
samanthajcoupeerealamericanandandtencorno,1
bosses,1
shrimps,1
bragged,1
table,1
sink,1
fallen,1
dishes,1
tiresome,1
recover,1
patriot,1
panels,1
generator,1
battery,1
lithium,1
doesa,1
spoil,1
toopropane,1
seeds,1
cyber-pandemicvegetable,1
valuable,1
dried,1
freeze,1
cincinnati,1
bowl-bound,1
unbelievable,1
craziest,1
solar,1
handynever,1
enemy,1
hurts,1
rediculous,1
goatfootgiuliaheywardand,1
gained,1
minor,1
isrobert,1
web,1
inventor,1
berners-lee,1
tim,1
aresir,1
othersalready,1
kindgeekjobtrendrand,1
siding,1
davidguraandandsuekhinice,1
anticipate,1
schedule,1
skiing,1
peoplegif,1
deliver,1
jambonamcalienhunterand,1
outdo,1
venture,1
concert,1
organise,1
seller,1
nty,1
othersdid,1
mourn,1
serenity,1
scoop,1
discuss,1
puzzled,1
lwoodhouse,1
liberalism,1
reactionary,1
otherspeter,1
mccullough,1
rambled,1
paranoid,1
reasonable,1
pertaining,1
variety,1
right-wing,1
fucknuttery,1
buhhzingaandandodchiverswhat,1
moronic,1
utterly,1
involved,1
role-play,1
designed,1
spars,1
hopkins,1
johns,1
maniac,1
homegif,1
rigorous,1
flex,1
worksgod,1
usyou,1
popularity,1
exploded,1
homeschooling,1
lining,1
inherited,1
cspiquote,1
drmarkhyman,1
meats,1
processed,1
carcinogenic,1
snap,1
purchases,1
soda,1
sugar,1
fireworks,1
novel,1
disproportionately,1
gifts,1
injurious,1
doubly,1
redistribution,1
mitigating,1
gavtweedfacenotthatsuzanneandandhazzaasymptomatic,1
shittily,1
prusaerealamericanandandtencorrecovered,1
throws,1
rental,1
hubby,1
trailer,1
fairi,1
boxcarmurphyto,1
succeed,1
tools,1
positions,1
unreasonable,1
lefty,1
foreseen,1
sequencing,1
gene,1
allisfreeformebradluttrellandandjkishorewas,1
cents,1
culture,1
bottlenecks,1
creates,1
churn,1
hybrid,1
this,1
econdaryli,1
winter's,1
wine,1
mulled,1
craving,1
pub,1
seq,1
overload,1
st,1
cove,1
hospitalized,1
thetweetofrheaafter,1
tails,1
rodneycbravo,1
murdered,1
denial,1
artyshousebebertand,1
patriottakesit's,1
fatalities,1
comprises,1
othersunvaxed,1
prettyadrkidnurseand,1
paradiseanti-vax,1
ogugeoandandsenjalarsenpandemic,1
collective,1
risking,1
wumargaretandandpaixto,1
payroll,1
'out,1
collects,1
cali-forn-ia,1
trip,1
in',1
'raking,1
eo's,1
all',1
'rescind,1
abbott,1
on'grabbit,1
'spot,1
texanandandgregabbotttx,1
vulnerable,1
contain,1
state',1
yetfollowthemoneyschoolchoice,1
complicating,1
stopcancelculture,1
holdouts,1
winnipegredjanedoeandanddanonand,1
absurdities,1
marks,1
row,1
precedent,1
sets,1
overstated,1
threatsthe,1
rewarded,1
skepticalzebralook,1
frenchie,1
bulldog,1
optimistic,1
pierrepoilievrewe,1
bonnelldalanandandgmbuttsdefine,1
fueled,1
etcquote,1
focaccia,1
advancequote,1
unprecedented,1
evermore,1
folklore,1
parmesan,1
shaved,1
sprinkled,1
rosemary,1
copour,1
garlic,1
attraction,1
law,1
floydandandpegaxyofficialhoping,1
sixandlauraandandmdrisetteno,1
pale,1
whitehouseandandpotuswhere,1
tweetnowninowniswiftamineso,1
rulethejungle,1
whodey,1
wedem,1
appelindependantfrlindependantfrlutte,1
themairborne,1
primary,1
cosensors,1
municipality,1
findinglanguedoc,1
sensors,1
intent,1
abating,1
fantasy,1
hollands,1
anne,1
latrioli,1
ppp,1
tha,1
acknowledge,1
fixingeducationone,1
bends,1
pandemicgoldie,1
goldie,1
gravely,1
clog,1
anti-vaxxers,1
centered,1
whiny,1
thatwhile,1
brunt,1
carrying,1
betterdonate,1
struggled,1
shelter,1
sghottawa,1
donating,1
threadgif,1
httppeoplecompeoplecomgoldie,1
holdingthecentone,1
exaggerates,1
original,1
expert,1
mijnhobbyhoekjekgandersenandandammerbthe,1
kick-start,1
billynvrleftplease,1
urself,1
xundoiiheeellppp,1
express,1
afshineemranicovid,1
cori,1
heyletsmakestufnext,1
kevintreichelandandbillyhottakesis,1
enablers,1
sentiment,1
anti-vaxx,1
scienceabduring,1
colutte,1
soitpour,1
michele,1
heardthose,1
approx,1
againwe,1
dfismani,1
peacefulnice,1
garbage,1
guarded,1
cenotaph,1
pr,1
soit,1
desperate,1
honourthis,1
badge,1
nickandresandandnationalpostan,1
njbbari,1
jimrosenthal,1
trishgreenhalgh,1
elxn,1
cities,1
municipalities,1
'take,1
yourhealth,1
timehow,1
oneit's,1
square,1
cornwallyowell,1
footballbillyhottakes,1
footballbilly,1
tweetbilly,1
allquote,1
thin,1
evaporate,1
pandemicenjoy,1
junethey've,1
til,1
business',1
kprather,1
linseymarr,1
masksjljcolorado,1
nikiski,1
peninsula,1
central,1
represents,1
stripe,1
crocheting,1
donei,1
beznikrkbezzie,1
beznikralphina,1
tweetralphina,1
craftquote,1
sobering,1
witness,1
struck,1
signature,1
khostagesandandfoxnewslie,1
soldotna,1
sterling,1
salvaa,1
june,1
dogma,1
droplet,1
specialist,1
constitutional,1
toowe're,1
magdalenepopnfr,1
rationality,1
bares,1
anti-communism,1
nationalist,1
middle-class,1
frothing,1
coverage,1
pity,1
krankvorliebedmitrichurchandanddenisedewaldit's,1
decideshow,1
boosters,1
concerned,1
signalthe,1
impoverished,1
massively,1
duh,1
publicnorth,1
flubbing,1
twittercomtravisdhanraj,1
signalthecountersgnl,1
sayquote,1
reproductive,1
stooges,1
dictated,1
raising,1
deliberate,1
aiafi,1
rimoni,1
lealailepule,1
populace,1
helpchina,1
initially,1
seriouslyquote,1
corporation,1
dollar,1
multibillion,1
boycotting,1
banning,1
justacointossluckily,1
startdr,1
liddr,1
lidbiden,1
beginninglidblogcomlidblogcombiden,1
meshow,1
funny,1
provided,1
unironically,1
tweetlucalucadainserk,1
mp,1
faleata,1
observersamoaobserver,1
terminated,1
phlsss,1
transport,1
vaxed,1
tripple,1
lettuceradicalandandozraeliavia,1
correlation,1
othersjan,1
vetnationshowtomneverwinterand,1
mo,1
na,1
gift,1
updates,1
oct,1
sane,1
napping,1
hi,1
temporally,1
observersamoa,1
entitled,1
tweetsamoa,1
fastquote,1
undies,1
boy,1
lit,1
fk,1
cluster,1
egos,1
ourcreatorourhealerourmiracleworker,1
amen,1
destroy,1
lord,1
advise,1
filed,1
sss,1
democratic,1
boycott,1
caralhophillyandandbikemamadelphiaso,1
paralyzed,1
boxduring,1
othersthen,1
johannayalemcnealdeshawnand,1
respected,1
worksteve,1
australiasteve,1
australiatga,1
countriesomnyfmomnyfmtga,1
heavily,1
demonstrated,1
tga,1
awaiting,1
fringe,1
statuswe,1
vx,1
bedridden,1
himbut,1
onemadmudderandandglobalnewsits,1
ianrickseckeralexgaggioand,1
announcement,1
cdcs,1
epidemiologist,1
aug,1
scdepiellie,1
scddr,1
deltaquote,1
infectiousness,1
vaccinationherd,1
voluntary,1
explains,1
murray's,1
op,1
esteemed,1
othersour,1
manipulations,1
firgure,1
responsiblylook,1
bikepals,1
bike,1
maintenance,1
nomad,1
trusty,1
miles,1
straightened,1
gay,1
challenged,1
hetero,1
pmmi,1
correspondent,1
kryst,1
tweettodaytodaytodayshow,1
heartbreaking,1
instagram,1
retire,1
teebeecryptoandandpegaxyofficialgd,1
mitigation,1
scholarship,1
responding,1
texts,1
replying,1
flag,1
twittercombetoorourkest,1
tweetkgkgkgood,1
swing,1
chaoschange,1
returned,1
albanese,1
jamesmassolabest,1
tear,1
inxs,1
fucked,1
icequeeni,1
cooperclinic,1
kettles,1
victorian,1
lasting,1
sistera,1
brotherdoes,1
menaretrashwomenaretrashdoes,1
reminds,1
unrelated,1
expectancy,1
infant,1
lmaonot,1
das,1
voluptuouslaeall,1
iceberg,1
tip,1
cake,1
partygate,1
trivialise,1
tweetminkymoominkymoominkymoo,1
forwardquote,1
tweetkingsleykingsleykingsleyscorner,1
empathise,1
basis,1
ms,1
daddynoroanada,1
allll,1
asses,1
cristinaislocaamandagandandkellydleventhalwhat,1
volume,1
judge,1
background,1
reviewed,1
peer,1
preprints,1
hjellebrianbefore,1
sister,1
mum,1
proximity,1
heating,1
chill,1
trutherbotnetunderrated,1
particles,1
bradhirschandandisaiahlcarterthe,1
timberlake,1
solidaritypart,1
seeingvoiceforscienceandsolidarityorgvoiceforscienceandsolidarityorgpart,1
strains,1
virulent,1
bunsofhamkattseaand,1
accessories,1
maps,1
stacks,1
pictured,1
comps,1
selective,1
bigger,1
kooky,1
begining,1
fitted,1
paints,1
theater,1
jackposobiecabsolutely,1
youve,1
finger,1
pointing,1
pieces,1
painting,1
nellificationlmao,1
compassionless,1
callous,1
appeared,1
payer,1
improvedmedicareforall,1
lawmakers,1
compelling,1
bonzodogandandspotifynever,1
nos,1
falsas,1
msph,1
reducing,1
peril,1
ignore,1
consentyou,1
coercian,1
fundamentals,1
shortlongandandorwelliannzi,1
helps,1
associated,1
esperanzas,1
acute,1
causalevidence,1
strongbut,1
page,1
contributing,1
identified,1
victim-survivors,1
lecture,1
risky,1
plandemic,1
triple,1
josh,1
rnbreakfastjoshfrydenbergandandpatskarvelascorrection,1
apocalypse,1
zombie,1
incubation,1
pandemicbhutan's,1
deathbhutan's,1
death'felt,1
saysnewsabs-cbncomnewsabs-cbncom'felt,1
bhutan's,1
conclusions,1
pdf,1
marakiandandbobscartoonsyou,1
thebritafilterit's,1
masked,1
examined,1
irate,1
hospitality,1
depression,1
mrsmossomei,1
settingsviewview,1
lolchange,1
groove,1
detail,1
treason,1
usedshow,1
incalculable,1
damage,1
restriction,1
reopens,1
kellycfib,1
kellydan,1
tweetdan,1
belongsquote,1
booze,1
permanent,1
australia-wide,1
nixonchesthairneuromythsandandnytimeswell,1
havoc,1
impacting,1
mitigate,1
inroads,1
tangible,1
urgent,1
complex,1
insecurity,1
treating,1
exercising,1
caregiver,1
once-in-a-hundred,1
nipple,1
dick's,1
tricky,1
guarantee,1
hating,1
secondary,1
exponentially,1
pandemicmountain,1
herethecitynycthecitynycmountain,1
native,1
yorkers,1
predictions,1
defying,1
remittances,1
grown,1
mate,1
net,1
conflicts,1
sensible,1
premierscottmoethank,1
sirhoping,1
pega,1
discord,1
pandemicremittances,1
afloatremittances,1
aphistici,1
unveiled,1
communicating,1
someyou,1
requires,1
individuals,1
othersi'm,1
tvbonaemilyopinedand,1
protesting,1
maggiekerestecithat's,1
nbcnews,1
charge,1
daywhat,1
subs,1
crisis-level,1
othersny,1
sssmartinafitzand,1
pandemici've,1
teebeecryptoandandpegaxyofficiali,1
mediocre,1
pandemicnsw,1
adjunctification,1
ratios,1
student-to-prof,1
stability,1
profession,1
identities,1
decouple,1
winthere,1
fatigue,1
denialit's,1
cesspool,1
httpklist,1
exams,1
preventive,1
checklist,1
pandemic-safe,1
steadyabcnetauabcnetauparents,1
conselfownsthings,1
deathsparents,1
journalism,1
client,1
booze-ups,1
stating,1
explicitly,1
protection',1
'big,1
exciting,1
ben,1
benrileysmithhi,1
torture,1
off-season,1
husbands,1
tonypericandandbynatetaylorsome,1
deathsthe,1
react,1
wi,1
sadness,1
holdings,1
allocation,1
stigma,1
dream,1
immigrant,1
mill,1
roxannemcknightjohnfettermanandandgiselefettermanmy,1
terribly,1
worsesee,1
thatpandemic,1
betaroganright,1
thisroganright,1
vaxxedthe,1
socially,1
cybrestrikebiden,1
caregiving,1
asia,1
chairman,1
petitionerbiandanddanielchernylets,1
vishal,1
onya,1
successful,1
scotty,1
scomo,1
mr,1
mjrowlandandandbreakfastnewsno,1
logical,1
inflating,1
piled,1
anthtimwilsonmpandandtheageif,1
europe,1
richardhananiaisnt,1
india's,1
multiple,1
bali,1
stay-at-home,1
twittercomhimmapaanstat,1
claimed,1
salesman,1
snake,1
scottytheannouncer,1
announcements,1
bull,1
letitrip,1
partly,1
desantis',1
allmattnyti,1
breakdown,1
nervous,1
youas,1
affects,1
indicates,1
oblivious,1
personyet,1
oil,1
crnchymamaandandmsveesgardenand,1
disparity,1
feeding,1
dramatic,1
hilariously,1
monthly,1
tradition,1
silentlyhimmapaan,1
silentlynatee,1
tweetnatee,1
sincerely,1
'healthiest',1
cancelstudentdebt,1
exists,1
grind,1
akwesqits,1
isolations,1
ledge,1
promotion,1
tweetbettina,1
unchealthcareunchealthcare,1
pandemicgameover,1
andrewhugsdogsin,1
stupider,1
opinions,1
blood,1
replies,1
restricting,1
truckersnottrudeau,1
pandemicofthevaccinated,1
partnersaustralian,1
jayinlsee,1
correction,1
helpingim,1
winters,1
freshly,1
inevitable,1
suppose,1
exchange,1
alohamarsremains,1
seenthis,1
productsmall,1
totheguardiancomtheguardiancomwomen,1
yeareconomic,1
decadeseconomic,1
decadesus,1
bbccombbccomus,1
grew,1
department,1
commerce,1
lockdownsofficial,1
roared,1
expanded,1
drake,1
classbut,1
year's,1
waited,1
tyehoodthank,1
angered,1
hosts,1
bonus,1
lunch,1
poorboystorieshad,1
hehe,1
exercisespandemic,1
contributes,1
strength,1
syndrome,1
maffucci,1
muscles,1
underdeveloped,1
anti-democracy,1
fraudthis,1
reject,1
legislature,1
gop-led,1
stressful,1
bedlovely,1
responds,1
daywould,1
staffgrowing,1
pandemicgrowing,1
pandemiccovid,1
pandemicbbccombbccomcovid,1
bbchealth,1
cbf,1
happiness,1
rivers,1
self-interest,1
virtues,1
wisdom,1
breezes,1
mfs,1
jumper,1
pics,1
stresswomen,1
pquote,1
genta,1
dogshit,1
bipoc,1
bakarisellersvery,1
improvement,1
signs,1
arteta's,1
conte's,1
fairing,1
crylooknicoafcandandfabrizioromanonah,1
tweetmink,1
httpenuslinkclientiosnews,1
pandemichttpenuslinkclientiosnews,1
est,1
monday,1
fielddate,1
metitle,1
details,1
mentalhealthawareness,1
gym,1
endangerment,1
deprived,1
meals,1
tptb,1
tablewe,1
tatters,1
dianajmanwaringnordicsungodsamramaniandandintelcrabour,1
ouch,1
lover,1
mm,1
everything's,1
battles,1
mentally,1
backing,1
mess,1
slightly,1
desperately,1
boston,1
abai,1
pumped,1
funerals,1
alihmokdadandandcdcgovin,1
phil,1
written,1
books,1
preached,1
embarrassment,1
cliffvineshe's,1
khaleesibrittandandqreviewthat,1
selfishnesscovid,1
wilful,1
evershow,1
ig,1
wildest,1
flowcurrypistonn,1
flowmink,1
winding,1
rites,1
mrsmossomegod,1
q-tips,1
antimaskers,1
freeing,1
curbed,1
slinkhelmethairandandctvnewsterryfox,1
pandemicgive,1
gentrification,1
asapconsultation,1
measles,1
influenza,1
occasionshow,1
tweetsolelephantsolelephantsolelephant,1
mequote,1
mourners,1
unsatisfactory,1
grieve,1
projectprojectlincoln,1
projectthe,1
billsetcquote,1
religious,1
newstheepochtimescomtheepochtimescomscientists,1
journey,1
rebecca,1
savor,1
toughest,1
chelseameisterthis,1
rapist,1
dieyay,1
federally,1
mutilated,1
theocratic,1
dedicated,1
rapists,1
othersyes,1
jgotsgunsohmyfuxherdand,1
febmarch,1
sincescientists,1
sincefour,1
justcallmejcolehmmm,1
basketball,1
canadianacoand,1
toklibsoftiktok,1
toklibs,1
tweetlibs,1
menquote,1
middleold,1
weakest,1
privledge,1
representation,1
krisandandorwelliannzdont,1
ellenlynchbut,1
responsibilities,1
observation,1
invitees,1
although,1
releasing,1
foippa,1
aggressively,1
controlled,1
lessmore,1
adamthxweiweiintheusaandandreynoldssdthe,1
ittarotparty,1
deck,1
thoth,1
richness,1
mathematical,1
alongi,1
whichever,1
wrap,1
covid-background,1
chinabackground,1
chinathe,1
bmjlatestghbmjcomghbmjcomthe,1
epitwitter,1
vaccinesmasks,1
zineclubchicago,1
outlined,1
meanwhilechicago,1
fastwhowho,1
comprehensively,1
subtle,1
alert,1
kerkhovemvankerkhove,1
kerkhovemaria,1
tweetmaria,1
timequote,1
prep,1
step-wise,1
populations,1
trains,1
military,1
mvankerkhovei,1
diy,1
istandwithtruckers,1
looted,1
destroyed,1
tool,1
keepitwolfsonchris,1
todaycwtnews,1
todayclown,1
tweetclown,1
againquote,1
originations,1
pandemicmspghunimelbeduaumspghunimelbeduauthe,1
hhsu,1
mcdougall,1
ros,1
dhu,1
george,1
talks,1
keogh,1
louise,1
barnes,1
toured,1
occupydemocratsthat's,1
acts,1
marked,1
postal,1
restore,1
dejoy,1
desirable,1
secure,1
votingit,1
advanced,1
coprofilia,1
danielosonecrofilia,1
rocket,1
requesting,1
blade,1
metal,1
everythingit's,1
prof,1
kamala,1
violent,1
uncertainty,1
reckless,1
rebuilt,1
pump,1
steering,1
reinstalling,1
cooking,1
unexpectedly,1
invasion,1
todd,1
jack,1
postnationalpost,1
postnational,1
tweetnational,1
donorsquote,1
anonymous,1
embrace,1
yo,1
reopened,1
pokmon,1
misinformationpandemic,1
joebidenstop,1
includes,1
othersand,1
thevoterssayhairybaldguyand,1
ethics,1
drain,1
rounds,1
uncountable,1
exhausting,1
fishgottaswimdoes,1
preventable,1
adams,1
eric,1
blast,1
rajira,1
contacted,1
overall,1
kirstymacandanddbhoythe,1
truthwe'd,1
nethreeonetwoandandleighfallthe,1
selfiegoddesssthe,1
rewatching,1
biggest,1
pose,1
ridiculously,1
kaseysymonsglbastianiandandranahussi,1
nfc,1
somake,1
sustainabletravelcwtsmhrecwtsmhretips,1
programbusinesstravel,1
achieve,1
cwt's,1
position,1
sustainability,1
justice,1
gnd,1
racism,1
melissambarkiandandelmamabearnot,1
human-to-human,1
sounding,1
verifying,1
drtedros,1
metaboli,1
metabolithe,1
clinicalthe,1
clinicalimplantable,1
drugsncbinlmnihgovncbinlmnihgovimplantable,1
leadersall,1
g,1
forum,1
klausschwab,1
revolution,1
gov't,1
sub,1
lowest,1
subseveryone,1
heapsyes,1
vicgovdhalbomp,1
teasippinsherpaeven,1
app,1
essays,1
doc,1
blank,1
climb,1
thesis,1
side-effect,1
newspol,1
votelabor,1
delays,1
roll,1
stroll,1
spin,1
juvenile,1
score,1
pricing,1
pointyes,1
twitch,1
cure,1
wormwood,1
nelson-cookdyxzu,1
nelson-cookned,1
tweetned,1
fauciliedquote,1
controls,1
pharma,1
upset,1
propaganda,1
promote,1
fearmonger,1
othersall,1
tupiromjcharronctvcpand,1
nomore,1
pregame,1
fells,1
jazeera,1
epidemiology,1
garciahamletgarcia,1
garciahamlet,1
tweethamlet,1
startedquote,1
brfore,1
explaining,1
al,1
portoriumandandnoahpinionim,1
tightened,1
zealanders,1
forgetting,1
parties,1
weekendoh,1
trashed,1
pre-load,1
directed,1
foxnewsfoxnews,1
fedeghfedegh,1
twittercomfedeghstatus,1
wellthewellunc,1
wellthe,1
livesquote,1
heroes,1
dreadful,1
sunlightwardenthe,1
drralphnapare,1
curriculums,1
required,1
infect,1
parent,1
gopwhat,1
messing,1
huh,1
loser,1
evening,1
defencewe,1
benrileysmiththe,1
subprime,1
robertgedgeelleandandavasantinaeveryone,1
drickfreemanhe,1
platinum,1
seanpagetalenti,1
liscense,1
hueypriestsame,1
impractical,1
implementation,1
deadweight,1
ceilings,1
shocks,1
unique,1
monopoly,1
possibility,1
sympathetic,1
labour,1
mortgages,1
hn,1
banker,1
wellness,1
jamesmartin,1
navigate,1
speaking,1
gaslit,1
seemingly,1
davidguraspotify,1
macdonald,1
attlee,1
wilson,1
callaghan,1
blair,1
brown,1
blameless,1
matescameron,1
tied,1
prepared,1
albomp,1
foot,1
dark,1
jomojmandandlivboereeso,1
dissertation,1
lesbiansdoitbetter,1
festivities,1
evenings,1
massager,1
businessprime,1
australianlabor,1
newsprime,1
newstrudeau,1
democracycbccacbccatrudeau,1
thwart,1
preemptive,1
tries,1
convene,1
shanesteinerhi,1
applied,1
gun,1
rolenprorgnprorggun,1
mishpacha,1
davereaboipandemic,1
harder,1
managing,1
drafted,1
bookends,1
burrowheres,1
championshipthe,1
sporting,1
concluded,1
therapeutics,1
addition,1
pandemicchicago,1
rolechicago,1
rolegun,1
prorogationdissolving,1
recovers,1
pent-up,1
tweettantantharaaaaan,1
ako,1
din,1
so,1
up-i'd,1
messed,1
queer,1
before,1
pandemic-and,1
i,1
lockout,1
btwn,1
yaunfortunately,1
iplaysgsim,1
tharealsamoeven,1
gentapara,1
niyan,1
gago,1
brake,1
ang,1
fumbling,1
gains,1
holonsidedicedionysusand,1
encanto,1
beautiful,1
crew,1
disneyanimation,1
linmanuel,1
charisecastros,1
thejaredbush,1
waning,1
devise,1
planningrecovery,1
hahhahahhhahahahhahahhashow,1
kalat,1
runs,1
mocking,1
hareidi,1
reconsider,1
backflips,1
rhetoric,1
heaven,1
roadknighttheif,1
podcasters,1
pivot,1
impacted,1
socialising,1
gladstone,1
dates,1
suitcase,1
benrileysmithi,1
deleted,1
burrows,1
hugged,1
drleanawenpamelabrowncnnandandcnnnewsroomthank,1
notion,1
starlitebimbotbf,1
defeating,1
shopping,1
kdawgstevijopayneandandlesareneei,1
view,1
nazis,1
compared,1
loosen,1
brand,1
uscf,1
children's,1
crulgezlingerthe,1
california,1
reacting,1
alternate,1
crucial,1
cornerat,1
tbh,1
luckfortune,1
jewry,1
medically,1
commenting,1
otherswithout,1
whoisdjalexpatrickand,1
hero,1
pebblekimseitzingerandandwrtvthank,1
slog,1
mounds,1
plow-sculpted,1
monikerstill,1
sculpture,1
inches,1
snowman,1
methe,1
meno,1
continuesmishpachacommishpachacomno,1
aus,1
ooooooooooflasting,1
unnie,1
separatetogether,1
motivationhappy,1
imjammedaww,1
witts,1
depressed,1
usercrissakentavrandandreuterswhy,1
benefitingpantagraphcompantagraphcomexperts,1
poetry,1
gormanpandemic,1
amanda,1
atonement,1
survival-cordage,1
aloneit,1
livingwe,1
distanceto,1
proximate,1
chinamedtwitter,1
suppression,1
fbprbettina,1
attorney,1
bleak,1
yeahyeah,1
isolated,1
weeksim,1
cat,1
divorced,1
ancientlitduderight,1
work-from-home,1
restricted,1
galvinalmanzaanother,1
manshow,1
tweetjjstfudiara,1
reservationsquote,1
bf,1
dogs,1
hellojessica,1
markkellymkelldaviddarkand,1
attacks,1
acna,1
worship,1
sperm,1
banked,1
clarity,1
seattletimesover,1
gopchairwomanwhen,1
austria,1
vienna,1
tweetwittgensteinwittgensteinbacktolife,1
stupid,1
accompanies,1
google,1
finds,1
grand,1
dear,1
episcopal,1
goodreadscomgoodreadscomjessica,1
penguinteen,1
penguinteenca,1
covidi,1
france,1
melindamosheimandandbandyxleethe,1
durin,1
sit,1
statemnt,1
privileged,1
absence,1
comment,1
justifications,1
covert,1
overt,1
undisturbed,1
iseeuliarsoatsnteaandandreneewestberry,1
kca,1
fanniegate,1
practical,1
nguevaraphotoandandjmpailhonfor,1
relatable,1
ngos,1
cute,1
yacontemporary,1
wesleytking,1
cbakerbooks,1
hellofromhere,1
survivorwas,1
isabellaofmarcrazytraincanandandcommanderkean,1
nfts,1
competition,1
conservation,1
ocean,1
covering,1
sales,1
nft,1
shuttered,1
lynnnemarielol,1
sigh,1
kathylim,1
jmeandthemore,1
reportthe,1
amnesty,1
cites,1
essay,1
kindif,1
computer,1
tenshioskari,1
understanding,1
mdsheryl,1
picture,1
necessity,1
harshly,1
judged,1
hshandandsherrinazarianive,1
pandemicapplications,1
entrepreneureveryone,1
highlighting,1
regimesthat,1
muzzling,1
public-health,1
resturant,1
ctvnewsask,1
backpack,1
atticus,1
walking,1
tillie,1
degreejulie,1
millionjulie,1
milliontwo,1
pandemiccnbccomcnbccomtwo,1
dante's,1
detected,1
mismanagement,1
extent,1
reveal,1
pandemicwiredcomwiredcomeveryone,1
theaters,1
indulgence,1
collectively,1
amongst,1
sucide,1
command,1
traumatised,1
borisjohnsonthe,1
distress,1
suicidal,1
silence,1
loniloveso,1
flooded,1
halls,1
burnt,1
admin,1
dumping,1
luck,1
exacerbated,1
lazy,1
pmcalljonathankcookandandsocialistanydayin,1
substitute,1
canceljoerogan,1
spouting,1
association,1
rethink,1
spotifyusa,1
intervention,1
imposing,1
backs,1
brentcutburththis,1
ya'll,1
unacceptable,1
missouri,1
ashcroftjayashcroftmo,1
ashcroftjay,1
tweetjay,1
nessa,1
vc,1
j,1
academia,1
gunnandrea,1
tweetandrea,1
itquote,1
wakes,1
genuinely,1
pandemic-caused,1
re-inflated,1
structural,1
ano,1
drsalinaslabmaybe,1
newepisode,1
launching,1
goals,1
washchems,1
macovei,1
ion,1
gunnnotandrea,1
livestream,1
bet,1
identifies,1
angle,1
camp,1
band,1
venues,1
talent,1
suit,1
othersfollowing,1
autisticlyaarmjmarromand,1
joshjustinbaxterpeterbaandandvicgovdhclearly,1
hereshow,1
parading,1
minority,1
cheers,1
readily,1
supremacist,1
zineclubchicagodiy,1
channels,1
club,1
anasalhajjichinese,1
alertit's,1
alerta,1
covidvaccinesnprorgnprorga,1
publichealth,1
headomicronvariant,1
rapacious,1
rears,1
subvariant,1
people',1
'important,1
unconcernedly,1
trivially,1
thoughlightly,1
andnot,1
fbprbettinastruff,1
answersit's,1
petchem,1
zine,1
alaskamaeveandandclaudetteggibsstrong,1
thylacinathings,1
polling,1
plebs,1
manipulate,1
scares,1
palmer,1
davebremmerpaulbongiornoandandrnbreakfastnot,1
asshat,1
citizen,1
manateethis,1
sometime,1
marisaranierithere,1
insight,1
anniegirlandandmaxfawcettgood,1
demise,1
art,1
purchasing,1
album,1
shady,1
hall,1
looting,1
angry,1
lennydykstraare,1
gophypocrisy,1
rocks,1
whatsoever,1
credibility,1
commended,1
step,1
thrall,1
opposition,1
seditious,1
yearsduring,1
gopchairwomanlol,1
pandemicpros,1
lolcons,1
concentrated,1
regular,1
mano,1
meu,1
savitesvtoloko,1
involvement,1
investigated,1
nypd,1
raking,1
island,1
filipkowskironfilipkowski,1
filipkowskiron,1
tweetron,1
skip,1
rake,1
wed,1
foxnewshuh,1
lolol,1
decay,1
readtntribunecomtntribunecomtsu,1
budge,1
stars,1
younger,1
drhankodepends,1
annastaciamp,1
festering,1
devastating,1
chronic,1
smokescreen,1
policypandemic,1
letitripanna,1
palaszczukqldlaborgov,1
pandem,1
pandemby,1
tribuneby,1
tribunetsu,1
neiljoninils,1
kauai,1
rampant,1
appreciative,1
prosperity,1
imaginable,1
metric,1
paydenbeilhartdialecticdemonand,1
feverish,1
wheezing,1
coughing,1
ohio,1
ronfilipkowskithankfully,1
musiclife,1
jazz,1
mahalo,1
musicians,1
phones,1
welcoming,1
theyve,1
troll,1
petduring,1
advantagequote,1
bat,1
performative,1
impression,1
andyou,1
podcastmtcpodcast,1
podcastmilk,1
tweetmilk,1
cultural,1
pandemicnytimescomnytimescomnyc,1
wrongly,1
rightly,1
scapegoat,1
tories,1
timcast,1
lukewearechange,1
relation,1
fliceverettwhat,1
asahutchinsonscottgottliebmdandandnatlgovsassoc,1
tight,1
neo-sakoku,1
complications,1
high-risk,1
q,1
excerpt,1
deliversee,1
trouble,1
cite,1
disruptions,1
bazingerlooking,1
powerthe,1
covidthe,1
covidjapans,1
ftftcomftcomjapans,1
discussions,1
aging,1
valued,1
countless,1
accessible,1
disclosetvwell,1
capture,1
switched,1
cowards,1
thecalebalanchristinadopsonand,1
inconvenienced,1
midly,1
letting,1
vaccinerollout,1
strollout,1
blamed,1
scottydoesntgivearats,1
scottythepathologicalliar,1
othersnewspol,1
lochnessondaballand,1
reminding,1
loyalist,1
detrimental,1
lessons,1
mrrossiiregardless,1
realities,1
ignores,1
shockingly,1
nytopinionandandtishhwarrenthis,1
comical,1
awareness,1
kallmemegits,1
controversial,1
emberonmainyes,1
newcastle,1
forshaw,1
radz,1
squad,1
depth,1
injury,1
equity-focused,1
limitednyc,1
proud,1
profiting,1
pandemicit,1
repeatedly,1
qualitiesthey've,1
leadersin,1
honesty,1
theprojecttvin,1
backup,1
backed,1
limitedthe,1
heraldopedthey're,1
himreally,1
cancel,1
walenski,1
eldsjaloh,1
crooked,1
emergencyunless,1
folly,1
bright,1
sidewe,1
integral,1
contemplating,1
halfway,1
poledoctressandandbrooketheostomymoved,1
morals,1
armed,1
vendettas,1
omaralghabramclaudebibeauand,1
behalf,1
speculation,1
ludicrous,1
grid,1
predicting,1
entered,1
smdh,1
lucasofsunshineerdogan,1
peopletruth,1
stadium,1
hangouts,1
the,1
spotifya,1
spotifyspotifys,1
harmnewsroomspotifycomnewsroomspotifycomspotifys,1
contributed,1
tanksthen,1
ministries,1
integrated,1
hahahah,1
bts,1
cahandandkandiediamondswhatever,1
justinian,1
bubonic,1
empire's,1
byzantine,1
illnessthe,1
picka,1
asleep,1
words,1
compliant,1
exact,1
described,1
stephtaitwritesdearest,1
bengalsnice,1
delivering,1
practicing,1
noble,1
occupying,1
pandemicthose,1
fragile,1
implode,1
preserve,1
seb,1
eedihandandsebmckinnoni,1
ignorant,1
me-keep,1
remembered,1
congregations,1
tally,1
push,1
frontlines,1
nataliasolnatamd,1
nataliadr,1
wayquote,1
abc,1
hits,1
russia's,1
permit,1
covidshow,1
cheques,1
frydenberg,1
rosetamsinroses,1
rosetamsin,1
tweettamsin,1
thenquote,1
empathy,1
hcws,1
nowshow,1
hhorsleysorry,1
lmfao,1
trustthescience,1
cincy,1
equipmentshow,1
furniture,1
kitted,1
wfhthis,1
rapidly,1
coworking,1
micro,1
herdchrisherd,1
herdchris,1
tweetchris,1
pandemichurricaneetcquote,1
bay,1
eradicated,1
highly-lethal,1
fabriziochiodofabriziochiodo,1
freebrbgandandsolnatamdbeing,1
filling,1
job-shadowing,1
predental,1
endodontics,1
shadowing,1
granted,1
conclusion,1
survived,1
ichijou,1
personhe,1
meanwhen,1
didthat's,1
merely,1
jobtrendrenergyoflibertyandandcassesquehe,1
immunocompromised,1
connection,1
asymptomatic,1
resultvaccinateandmitigatevaccinateandmitigate,1
pre-symptomatic,1
impressive,1
dosebut,1
popolation,1
cuba,1
caramiaantoniocaramia,1
caramiaing,1
tweeting,1
infectionsvaccines,1
npi,1
imposed,1
antoniocaramiaandandgyameyand,1
othersin,1
dannycaldecottdrranjand,1
outcome,1
debatable,1
scottish,1
battle,1
chronically,1
overrun,1
expertspandemic,1
wen,1
othersdr,1
michelemunzdrleanawenand,1
aconcernedpareandandsuepearyou,1
worstthe,1
whoopsthe,1
whoopspelotons,1
partsapplenewsapplenewspelotons,1
wall,1
handwriting,1
whoops,1
pelotons,1
links,1
certainly,1
milder,1
orneryscientistat,1
prior,1
prevailing,1
date,1
prediction,1
barely,1
modelling,1
ensued,1
ravaging,1
jeromeusaandandlivboereethe,1
asap,1
offthe,1
precisely,1
urging,1
publish,1
atlantic,1
ikuderethis,1
institution,1
doubtful,1
naked,1
underfunded,1
capital,1
beastthe,1
justinlingquote,1
rejection,1
us-canada,1
objecting,1
branded,1
jog,1
mf,1
safei,1
responsibility,1
yearwith,1
vancoufur,1
withdraw,1
announce,1
equipment,1
beastthedailybeast,1
quashed,1
forbidden,1
employee,1
eating,1
eve,1
adam,1
etci,1
trials,1
random,1
authorities,1
skeptical,1
chrismasterjohnandandalexandrosmall,1
seggs,1
saints,1
out,1
llp,1
directors,1
shareholder,1
planet,1
